medication_name	opioid_drug	antibiotic_drug	high_risk	antipsychotic_drug
ABACAVIR SULFATE	N	N	N	N 
ABACAVIR SULFATE/LAMIVUDINE	N	N	N	N 
ABACAVIR/DOLUTEGRAVIR/LAMIVUDI	N	N	N	N 
ABACAVIR/LAMIVUDINE/ZIDOVUDINE	N	N	N	N 
ABATACEPT	N	N	N	N 
ABATACEPT/MALTOSE	N	N	N	N 
ABIRATERONE ACETATE	N	N	N	N 
ABOBOTULINUMTOXINA	N	N	N	N 
ACAMPROSATE CALCIUM	N	N	N	N 
ACARBOSE	N	N	N	N 
ACEBUTOLOL HCL	N	N	N	N 
ACETAMINOPHEN WITH CODEINE	Y	N	N	N 
ACETAMINOPHEN/PHENYLTOLX	N	N	N	N 
ACETAZOLAMIDE	N	N	N	N 
ACETIC ACID	N	N	N	N 
ACETIC ACID/ALUMINUM ACETATE	N	N	N	N 
ACETIC ACID/HYDROCORTISONE	N	N	N	N 
ACETIC ACID/OXYQUINOLINE	N	N	N	N 
ACETOHYDROXAMIC ACID	N	N	N	N 
ACETYLCYSTEINE	N	N	N	N 
ACITRETIN	N	N	N	N 
ACLIDINIUM BROMIDE	N	N	N	N 
ACYCLOVIR	N	N	N	N 
ACYCLOVIR SODIUM	N	N	N	N 
ACYCLOVIR/HYDROCORTISONE	N	N	N	N 
ADALIMUMAB	N	N	N	N 
ADAPALENE	N	N	N	N 
ADAPALENE/BENZOYL PEROXIDE	N	N	N	N 
ADEFOVIR DIPIVOXIL	N	N	N	N 
ADO-TRASTUZUMAB EMTANSINE	N	N	N	N 
AFATINIB DIMALEATE	N	N	N	N 
AFLIBERCEPT	N	N	N	N 
AGALSIDASE BETA	N	N	N	N 
ALBENDAZOLE	N	N	N	N 
ALBIGLUTIDE	N	N	N	N 
ALBUMIN HUMAN	N	N	N	N 
ALBUTEROL SULFATE	N	N	N	N 
ALCAFTADINE	N	N	N	N 
ALCLOMETASONE DIPROPIONATE	N	N	N	N 
ALCOHOL ANTISEPTIC PADS	N	N	N	N 
ALDESLEUKIN	N	N	N	N 
ALECTINIB HYDROCHLORIDE	N	N	N	N 
ALEMTUZUMAB	N	N	N	N 
ALENDRONATE SODIUM	N	N	N	N 
ALENDRONATE SODIUM/VITAMIN D3	N	N	N	N 
ALFUZOSIN HCL	N	N	N	N 
ALGLUCOSIDASE ALFA	N	N	N	N 
ALIROCUMAB	N	N	N	N 
ALISKIREN HEMIFUMARATE	N	N	N	N 
ALISKIREN/AMLODIPIN/HCTHIAZIDE	N	N	N	N 
ALISKIREN/AMLODIPINE BESYLATE	N	N	N	N 
ALISKIREN/HYDROCHLOROTHIAZIDE	N	N	N	N 
ALITRETINOIN	N	N	N	N 
ALLOPURINOL	N	N	N	N 
ALMOTRIPTAN MALATE	N	N	N	N 
ALOGLIPTIN BENZ/METFORMIN HCL	N	N	N	N 
ALOGLIPTIN BENZ/PIOGLITAZONE	N	N	N	N 
ALOGLIPTIN BENZOATE	N	N	N	N 
ALOSETRON HCL	N	N	N	N 
ALPHA-1-PROTEINASE INHIBITOR	N	N	N	N 
ALPRAZOLAM	N	N	N	N 
ALPROSTADIL	N	N	N	N 
ALTRETAMINE	N	N	N	N 
ALUMINUM CHLORIDE	N	N	N	N 
AMANTADINE HCL	N	N	N	N 
AMBRISENTAN	N	N	N	N 
AMCINONIDE	N	N	N	N 
AMIFOSTINE CRYSTALLINE	N	N	N	N 
AMIKACIN SULFATE	N	Y	N	N 
AMILORIDE HCL	N	N	N	N 
AMILORIDE/HYDROCHLOROTHIAZIDE	N	N	N	N 
AMINO ACIDS 10 %	N	N	N	N 
AMINO ACIDS 4.25 %/DEXTROSE 5%	N	N	N	N 
AMINO ACIDS 5 %/DEXTROSE 15 %	N	N	N	N 
AMINO ACIDS 5 %/DEXTROSE 20 %	N	N	N	N 
AMINO ACIDS 5 %/DEXTROSE 25 %	N	N	N	N 
AMINO ACIDS 8 %	N	N	N	N 
AMINOCAPROIC ACID	N	N	N	N 
AMINOLEVULINIC ACID HCL	N	N	N	N 
AMINOSALICYLIC ACID	N	N	N	N 
AMIODARONE HCL	N	N	N	N 
AMITRIP HCL/CHLORDIAZEPOXIDE	N	N	Y	N 
AMITRIPTYLINE HCL	N	N	Y	N 
AMLODIPINE BES/OLMESARTAN MED	N	N	N	N 
AMLODIPINE BESYLATE	N	N	N	N 
AMLODIPINE BESYLATE/BENAZEPRIL	N	N	N	N 
AMLODIPINE/ATORVASTATIN	N	N	N	N 
AMLODIPINE/VALSARTAN	N	N	N	N 
AMLODIPINE/VALSARTAN/HCTHIAZID	N	N	N	N 
AMMONIUM LACTATE	N	N	N	N 
AMOXAPINE	N	N	N	N 
AMOXICILLIN	N	Y	N	N 
AMOXICILLIN/POTASSIUM CLAV	N	Y	N	N 
AMPHETAMINE SULFATE	N	N	N	N 
AMPHOTERICIN B	N	N	N	N 
AMPHOTERICIN B LIPID COMPLEX	N	N	N	N 
AMPHOTERICIN B LIPOSOME	N	N	N	N 
AMPICILLIN SODIUM	N	Y	N	N 
AMPICILLIN SODIUM/SULBACTAM NA	N	Y	N	N 
AMPICILLIN TRIHYDRATE	N	Y	N	N 
ANAGRELIDE HCL	N	N	N	N 
ANAKINRA	N	N	N	N 
ANASTROZOLE	N	N	N	N 
ANIDULAFUNGIN	N	N	N	N 
ANTHRALIN	N	N	N	N 
ANTHRALIN MICRONIZED	N	N	N	N 
ANTIPYRINE/BENZOCAIN/GLY/ZINC	N	N	N	N 
ANTIPYRINE/BENZOCAINE	N	N	N	N 
APIXABAN	N	N	N	N 
APOMORPHINE HCL	N	N	N	N 
APRACLONIDINE HCL	N	N	N	N 
APREMILAST	N	N	N	N 
APREPITANT	N	N	N	N 
ARFORMOTEROL TARTRATE	N	N	N	N 
ARIPIPRAZOLE	N	N	N	Y 
ARIPIPRAZOLE LAUROXIL	N	N	N	Y 
ARMODAFINIL	N	N	N	N 
ARTEMETHER/LUMEFANTRINE	N	N	N	N 
ASENAPINE MALEATE	N	N	N	Y 
ASFOTASE ALFA	N	N	N	N 
ASPIRIN/DIPYRIDAMOLE	N	N	N	N 
ATAZANAVIR SULFATE	N	N	N	N 
ATAZANAVIR SULFATE/COBICISTAT	N	N	N	N 
ATENOLOL	N	N	N	N 
ATENOLOL/CHLORTHALIDONE	N	N	N	N 
ATOMOXETINE HCL	N	N	N	N 
ATORVASTATIN CALCIUM	N	N	N	N 
ATOVAQUONE	N	N	N	N 
ATOVAQUONE/PROGUANIL HCL	N	N	N	N 
ATROPINE SULFATE	N	N	N	N 
AURANOFIN	N	N	N	N 
AVANAFIL	N	N	N	N 
AXITINIB	N	N	N	N 
AZACITIDINE	N	N	N	N 
AZATHIOPRINE	N	N	N	N 
AZELAIC ACID	N	N	N	N 
AZELASTINE HCL	N	N	N	N 
AZELASTINE/FLUTICASONE	N	N	N	N 
AZILSARTAN MED/CHLORTHALIDONE	N	N	N	N 
AZILSARTAN MEDOXOMIL	N	N	N	N 
AZITHROMYCIN	N	N	N	N 
AZITHROMYCIN	N	Y	N	N 
AZTREONAM	N	Y	N	N 
AZTREONAM LYSINE	N	N	N	N 
AZTREONAM/DEXTROSE-WATER	N	Y	N	N 
B COMPLEX & C NO.20/FOLIC ACID	N	N	N	N 
BACITRACIN	N	N	N	N 
BACITRACIN/POLYMYXIN B SULFATE	N	N	N	N 
BACLOFEN	N	N	N	N 
BALANCED SALT IRRIG SOLN NO.2	N	N	N	N 
BALSALAZIDE DISODIUM	N	N	N	N 
BCG LIVE	N	N	N	N 
BCG VACCINE, LIVE/PF	N	N	N	N 
BECAPLERMIN	N	N	N	N 
BECLOMETHASONE DIPROPIONATE	N	N	N	N 
BEDAQUILINE FUMARATE	N	N	N	N 
BELATACEPT	N	N	N	N 
BELIMUMAB	N	N	N	N 
BENAZEPRIL HCL	N	N	N	N 
BENAZEPRIL/HYDROCHLOROTHIAZIDE	N	N	N	N 
BENDAMUSTINE HCL	N	N	N	N 
BENZOCAINE	N	N	N	N 
BENZONATATE	N	N	N	N 
BENZTROPINE MESYLATE	N	N	N	N 
BENZTROPINE MESYLATE	N	N	Y	N 
BENZYL ALCOHOL	N	N	N	N 
BEPOTASTINE BESILATE	N	N	N	N 
BESIFLOXACIN HCL	N	N	N	N 
BETAINE	N	N	N	N 
BETAMET ACET/BETAMET NA PH	N	N	N	N 
BETAMETHASONE DIPROPIONATE	N	N	N	N 
BETAMETHASONE VALERATE	N	N	N	N 
BETAMETHASONE/PROPYLENE GLYC	N	N	N	N 
BETAXOLOL HCL	N	N	N	N 
BETHANECHOL CHLORIDE	N	N	N	N 
BEVACIZUMAB	N	N	N	N 
BEXAROTENE	N	N	N	N 
BICALUTAMIDE	N	N	N	N 
BIMATOPROST	N	N	N	N 
BISAC/NACL/NAHCO3/KCL/PEG 3350	N	N	N	N 
BISMUTH/METRONID/TETRACYCLINE	N	N	N	N 
BISOPROLOL FUMARATE	N	N	N	N 
BISOPROLOL FUMARATE/HCTZ	N	N	N	N 
BLEOMYCIN SULFATE	N	N	N	N 
BLINATUMOMAB	N	N	N	N 
BOCEPREVIR	N	N	N	N 
BORTEZOMIB	N	N	N	N 
BOSENTAN	N	N	N	N 
BOSUTINIB	N	N	N	N 
BRENTUXIMAB VEDOTIN	N	N	N	N 
BREXPIPRAZOLE	N	N	N	Y 
BRIMONIDINE TARTRATE	N	N	N	N 
BRIMONIDINE TARTRATE/TIMOLOL	N	N	N	N 
BRINZOLAMIDE	N	N	N	N 
BRINZOLAMIDE/BRIMONIDINE TART	N	N	N	N 
BROMFENAC SODIUM	N	N	N	N 
BROMOCRIPTINE MESYLATE	N	N	N	N 
BROMPHENIRAMINE/PSEUDOEPHED/DM	N	N	Y	N 
BUDESONIDE	N	N	N	N 
BUDESONIDE/FORMOTEROL FUMARATE	N	N	N	N 
BUMETANIDE	N	N	N	N 
BUPIVACAINE HCL	N	N	N	N 
BUPIVACAINE HCL/PF	N	N	N	N 
BUPRENORPHINE	Y	N	N	N 
BUPRENORPHINE HCL	N	N	N	N 
BUPRENORPHINE HCL	Y	N	N	N 
BUPRENORPHINE HCL/NALOXONE HCL	N	N	N	N 
BUPROPION HBR	N	N	N	N 
BUPROPION HCL	N	N	N	N 
BUSPIRONE HCL	N	N	N	N 
BUSULFAN	N	N	N	N 
BUTABARBITAL SODIUM	N	N	Y	N 
BUTALB/ACETAMINOPHEN/CAFFEINE	N	N	Y	N 
BUTALBIT/ACETAMIN/CAFF/CODEINE	Y	N	Y	N 
BUTALBITAL/ACETAMINOPHEN	N	N	Y	N 
BUTALBITAL/ASPIRIN/CAFFEINE	N	N	Y	N 
BUTENAFINE HCL	N	N	N	N 
BUTOCONAZOLE NITRATE	N	N	N	N 
BUTORPHANOL TARTRATE	Y	N	N	N 
C1 ESTERASE INHIBITOR	N	N	N	N 
C1 ESTERASE INHIBITOR, RECOMB	N	N	N	N 
CABAZITAXEL	N	N	N	N 
CABERGOLINE	N	N	N	N 
CABOZANTINIB S-MALATE	N	N	N	N 
CALCIPOTRIENE	N	N	N	N 
CALCIPOTRIENE/BETAMETHASONE	N	N	N	N 
CALCITONIN,SALMON,SYNTHETIC	N	N	N	N 
CALCITRIOL	N	N	N	N 
CALCIUM ACETATE	N	N	N	N 
CALCIUM CARBONATE/MAG CARB/FA	N	N	N	N 
CALCIUM GLUCONATE	N	N	N	N 
CANAGLIFLOZIN	N	N	N	N 
CANAGLIFLOZIN/METFORMIN HCL	N	N	N	N 
CANAKINUMAB/PF	N	N	N	N 
CANDESARTAN CILEXETIL	N	N	N	N 
CANDESARTAN/HYDROCHLOROTHIAZID	N	N	N	N 
CAPECITABINE	N	N	N	N 
CAPSAICIN/MENTHOL	N	N	N	N 
CAPSAICIN/SKIN CLEANSER	N	N	N	N 
CAPTOPRIL	N	N	N	N 
CAPTOPRIL/HYDROCHLOROTHIAZIDE	N	N	N	N 
CARBAMAZEPINE	N	N	N	N 
CARBIDOPA	N	N	N	N 
CARBIDOPA/LEVODOPA	N	N	N	N 
CARBIDOPA/LEVODOPA/ENTACAPONE	N	N	N	N 
CARBINOXAMINE MALEATE	N	N	Y	N 
CARBOPLATIN	N	N	N	N 
CARGLUMIC ACID	N	N	N	N 
CARISOPRODOL	N	N	Y	N 
CARISOPRODOL/ASPIRIN	N	N	Y	N 
CARMUSTINE	N	N	N	N 
CARTEOLOL HCL	N	N	N	N 
CARVEDILOL	N	N	N	N 
CARVEDILOL PHOSPHATE	N	N	N	N 
CASPOFUNGIN ACETATE	N	N	N	N 
CEFACLOR	N	Y	N	N 
CEFADROXIL	N	Y	N	N 
CEFAZOLIN SODIUM	N	Y	N	N 
CEFAZOLIN SODIUM/DEXTROSE,ISO	N	Y	N	N 
CEFDINIR	N	Y	N	N 
CEFDITOREN PIVOXIL	N	Y	N	N 
CEFEPIME HCL	N	Y	N	N 
CEFEPIME HCL/D5W	N	Y	N	N 
CEFEPIME HCL/DEXTROSE, ISO-OSM	N	Y	N	N 
CEFIXIME	N	Y	N	N 
CEFOTAXIME SODIUM	N	Y	N	N 
CEFOTETAN DISOD/DEXTROSE,ISO	N	Y	N	N 
CEFOTETAN DISODIUM	N	Y	N	N 
CEFOXITIN SODIUM	N	Y	N	N 
CEFOXITIN SODIUM/DEXTROSE,ISO	N	Y	N	N 
CEFPODOXIME PROXETIL	N	Y	N	N 
CEFPROZIL	N	Y	N	N 
CEFTAROLINE FOSAMIL ACETATE	N	Y	N	N 
CEFTAZIDIME	N	Y	N	N 
CEFTAZIDIME IN DEXTROSE5%WATER	N	Y	N	N 
CEFTAZIDIME NA/DEXTROSE,ISO	N	Y	N	N 
CEFTAZIDIME/AVIBACTAM	N	Y	N	N 
CEFTIBUTEN	N	Y	N	N 
CEFTOLOZANE/TAZOBACTAM	N	Y	N	N 
CEFTRIAXONE NA/DEXTROSE,ISO	N	Y	N	N 
CEFTRIAXONE SODIUM	N	Y	N	N 
CEFUROXIME AXETIL	N	Y	N	N 
CEFUROXIME SODIUM	N	Y	N	N 
CELECOXIB	N	N	N	N 
CEPHALEXIN	N	Y	N	N 
CERITINIB	N	N	N	N 
CERTOLIZUMAB PEGOL	N	N	N	N 
CETIRIZINE HCL	N	N	N	N 
CETUXIMAB	N	N	N	N 
CEVIMELINE HCL	N	N	N	N 
CHENODIOL	N	N	N	N 
CHLORAMBUCIL	N	N	N	N 
CHLORDIAZEPOXIDE HCL	N	N	N	N 
CHLORHEXIDINE GLUCONATE	N	N	N	N 
CHLOROQUINE PHOSPHATE	N	N	N	N 
CHLOROTHIAZIDE	N	N	N	N 
CHLOROTHIAZIDE SODIUM	N	N	N	N 
CHLORPROMAZINE HCL	N	N	N	Y 
CHLORPROPAMIDE	N	N	Y	N 
CHLORTHALIDONE	N	N	N	N 
CHLORZOXAZONE	N	N	Y	N 
CHOLESTYRAMINE (WITH SUGAR)	N	N	N	N 
CHOLESTYRAMINE/ASPARTAME	N	N	N	N 
CHOLINE SAL/MAG SALICYLATE	N	N	N	N 
CHORIONIC GONADOTROPIN, HUMAN	N	N	N	N 
CICLESONIDE	N	N	N	N 
CICLOPIROX	N	N	N	N 
CICLOPIROX OLAMINE	N	N	N	N 
CICLOPIROX/NAIL LACQUER REMOVR	N	N	N	N 
CICLOPIROX/SKIN CLEANSER NO.28	N	N	N	N 
CICLOPIROX/URE/CAMPH/MENTH/EUC	N	N	N	N 
CIDOFOVIR	N	N	N	N 
CILOSTAZOL	N	N	N	N 
CIMETIDINE	N	N	N	N 
CIMETIDINE HCL	N	N	N	N 
CINACALCET HCL	N	N	N	N 
CIPROFLOXACIN	N	Y	N	N 
CIPROFLOXACIN HCL	N	N	N	N 
CIPROFLOXACIN HCL	N	Y	N	N 
CIPROFLOXACIN HCL/DEXAMETH	N	N	N	N 
CIPROFLOXACIN LACTATE	N	Y	N	N 
CIPROFLOXACIN LACTATE/D5W	N	Y	N	N 
CIPROFLOXACIN/CIPROFLOXA HCL	N	Y	N	N 
CIPROFLOXACIN/HYDROCORTISONE	N	N	N	N 
CISPLATIN	N	N	N	N 
CITALOPRAM HYDROBROMIDE	N	N	N	N 
CITRIC ACID/G-LACTONE/MAG CARB	N	N	N	N 
CITRIC ACID/SODIUM CITRATE	N	N	N	N 
CLARITHROMYCIN	N	Y	N	N 
CLEMASTINE FUMARATE	N	N	Y	N 
CLINDAMYCIN HCL	N	Y	N	N 
CLINDAMYCIN PALMITATE HCL	N	Y	N	N 
CLINDAMYCIN PHOS/BENZOYL PEROX	N	N	N	N 
CLINDAMYCIN PHOSPHATE	N	N	N	N 
CLINDAMYCIN PHOSPHATE	N	Y	N	N 
CLINDAMYCIN PHOSPHATE/D5W	N	Y	N	N 
CLINDAMYCIN/TRETINOIN	N	N	N	N 
CLOBAZAM	N	N	N	N 
CLOBETASOL PROPIONATE	N	N	N	N 
CLOBETASOL PROPIONATE/EMOLL	N	N	N	N 
CLOBETASOL/SKIN CLEANSER #28	N	N	N	N 
CLOCORTOLONE PIVALATE	N	N	N	N 
CLOMIPHENE CITRATE	N	N	N	N 
CLOMIPRAMINE HCL	N	N	Y	N 
CLONAZEPAM	N	N	N	N 
CLONIDINE	N	N	N	N 
CLONIDINE HCL	N	N	N	N 
CLONIDINE HCL/CHLORTHALIDONE	N	N	N	N 
CLOPIDOGREL BISULFATE	N	N	N	N 
CLORAZEPATE DIPOTASSIUM	N	N	N	N 
CLOTRIMAZOLE	N	N	N	N 
CLOTRIMAZOLE/BETAMETHASONE DIP	N	N	N	N 
CLOZAPINE	N	N	N	Y 
COBICISTAT	N	N	N	N 
COBIMETINIB FUMARATE	N	N	N	N 
CODEINE SULFATE	Y	N	N	N 
CODEINE/BUTALBITAL/ASA/CAFFEIN	Y	N	Y	N 
CODEINE/CARISOPRODOL/ASPIRIN	Y	N	Y	N 
COLCHICINE	N	N	N	N 
COLCHICINE/PROBENECID	N	N	N	N 
COLESEVELAM HCL	N	N	N	N 
COLESTIPOL HCL	N	N	N	N 
COLISTIN (COLISTIMETHATE NA)	N	N	N	N 
COLLAGENASE CLOSTRIDIUM HIST.	N	N	N	N 
CORTICOTROPIN	N	N	N	N 
CORTISONE ACETATE	N	N	N	N 
CRIZOTINIB	N	N	N	N 
CROFELEMER	N	N	N	N 
CROMOLYN SODIUM	N	N	N	N 
CROTAMITON	N	N	N	N 
CYANOCOBALAMIN (VITAMIN B-12)	N	N	N	N 
CYANOCOBALAMIN/FA/PYRIDOXINE	N	N	N	N 
CYANOCOBALAMIN/FOLIC ACID	N	N	N	N 
CYCLOBENZAPRINE HCL	N	N	Y	N 
CYCLOPENTOLATE HCL	N	N	N	N 
CYCLOPENTOLATE/PHENYLEPHRINE	N	N	N	N 
CYCLOPHOSPHAMIDE	N	N	N	N 
CYCLOSERINE	N	N	N	N 
CYCLOSPORINE	N	N	N	N 
CYCLOSPORINE, MODIFIED	N	N	N	N 
CYPROHEPTADINE HCL	N	N	Y	N 
CYSTEAMINE BITARTRATE	N	N	N	N 
CYSTEAMINE HCL	N	N	N	N 
CYTARABINE	N	N	N	N 
CYTARABINE/PF	N	N	N	N 
CYTOMEGALOVIRUS IMMUNE GLOBULN	N	N	N	N 
DABIGATRAN ETEXILATE MESYLATE	N	N	N	N 
DABRAFENIB MESYLATE	N	N	N	N 
DACARBAZINE	N	N	N	N 
DACLATASVIR DIHYDROCHLORIDE	N	N	N	N 
DALBAVANCIN HCL	N	Y	N	N 
DALFAMPRIDINE	N	N	N	N 
DALTEPARIN SODIUM,PORCINE	N	N	N	N 
DANAZOL	N	N	N	N 
DANTROLENE SODIUM	N	N	N	N 
DAPAGLIFLOZIN PROPANEDIOL	N	N	N	N 
DAPAGLIFLOZIN/METFORMIN HCL	N	N	N	N 
DAPSONE	N	N	N	N 
DAPTOMYCIN	N	Y	N	N 
DARATUMUMAB	N	N	N	N 
DARBEPOETIN ALFA IN POLYSORBAT	N	N	N	N 
DARIFENACIN HYDROBROMIDE	N	N	N	N 
DARUNAVIR ETHANOLATE	N	N	N	N 
DARUNAVIR/COBICISTAT	N	N	N	N 
DASATINIB	N	N	N	N 
DECITABINE	N	N	N	N 
DEFERASIROX	N	N	N	N 
DEFERIPRONE	N	N	N	N 
DEFEROXAMINE MESYLATE	N	N	N	N 
DEGARELIX ACETATE	N	N	N	N 
DELAVIRDINE MESYLATE	N	N	N	N 
DEMECLOCYCLINE HCL	N	Y	N	N 
DENOSUMAB	N	N	N	N 
DESIPRAMINE HCL	N	N	N	N 
DESLORATADINE	N	N	N	N 
DESLORATADINE/PSEUDOEPHEDRINE	N	N	N	N 
DESMOPRESSIN (NONREFRIGERATED)	N	N	N	N 
DESMOPRESSIN ACETATE	N	N	N	N 
DESOG-E.ESTRADIOL/E.ESTRADIOL	N	N	N	N 
DESOGESTREL-ETHINYL ESTRADIOL	N	N	N	N 
DESONIDE	N	N	N	N 
DESOXIMETASONE	N	N	N	N 
DESVENLAFAXINE	N	N	N	N 
DESVENLAFAXINE FUMARATE	N	N	N	N 
DESVENLAFAXINE SUCCINATE	N	N	N	N 
DEXAMETHASONE	N	N	N	N 
DEXAMETHASONE SOD PHOSPHATE	N	N	N	N 
DEXAMETHASONE SODIUM PHOSP/PF	N	N	N	N 
DEXLANSOPRAZOLE	N	N	N	N 
DEXMETHYLPHENIDATE HCL	N	N	N	N 
DEXTROAMPHETAMINE SULFATE	N	N	N	N 
DEXTROAMPHETAMINE/AMPHETAMINE	N	N	N	N 
DEXTROMETHORPHAN HBR/QUINIDINE	N	N	N	N 
DEXTROSE 10 % IN WATER	N	N	N	N 
DEXTROSE 5 % AND 0.9 % NACL	N	N	N	N 
DEXTROSE 5 % IN WATER	N	N	N	N 
DEXTROSE 5 %-0.2 % NACL	N	N	N	N 
DEXTROSE 5 %-0.45 % NACL	N	N	N	N 
DEXTROSE 5%-LACTATED RINGERS	N	N	N	N 
DEXTROSE 50 % IN WATER	N	N	N	N 
DEXTROSE 70 % IN WATER	N	N	N	N 
DHCODEINE BT/ACETAMINOPHN/CAFF	Y	N	N	N 
DIAZEPAM	N	N	N	N 
DIAZOXIDE	N	N	N	N 
DICHLORPHENAMIDE	N	N	N	N 
DICLOFENAC EPOLAMINE	N	N	N	N 
DICLOFENAC POTASSIUM	N	N	N	N 
DICLOFENAC SODIUM	N	N	N	N 
DICLOFENAC SODIUM/MISOPROSTOL	N	N	N	N 
DICLOFENAC SUBMICRONIZED	N	N	N	N 
DICLOFENAC/CAPSICUM	N	N	N	N 
DICLOXACILLIN SODIUM	N	Y	N	N 
DICYCLOMINE HCL	N	N	N	N 
DIDANOSINE	N	N	N	N 
DIETHYLPROPION HCL	N	N	N	N 
DIFLORASONE DIACETATE	N	N	N	N 
DIFLORASONE DIACETATE/EMOLL	N	N	N	N 
DIFLUNISAL	N	N	N	N 
DIFLUPREDNATE	N	N	N	N 
DIGOXIN	N	N	Y	N 
DIHYDROCODEINE/ASPIRIN/CAFFEIN	Y	N	N	N 
DIHYDROERGOTAMINE MESYLATE	N	N	N	N 
DILTIAZEM HCL	N	N	N	N 
DIMENHYDRINATE	N	N	N	N 
DIMETHYL FUMARATE	N	N	N	N 
DIMETHYL SULFOXIDE	N	N	N	N 
DIPH,PERTUS(ACEL),TET,POLIO/PF	N	N	N	N 
DIPH,PERTUSS(ACELL),TET PED/PF	N	N	N	N 
DIPH,PERTUSS(ACELL),TET VAC/PF	N	N	N	N 
DIPHENHYDRAMINE HCL	N	N	Y	N 
DIPHENOXYLATE HCL/ATROPINE	N	N	N	N 
DIPHTH,PERTUSS(ACELL),TET VAC	N	N	N	N 
DIPYRIDAMOLE	N	N	Y	N 
DISOPYRAMIDE PHOSPHATE	N	N	Y	N 
DISULFIRAM	N	N	N	N 
DIVALPROEX SODIUM	N	N	N	N 
DOBUTAMINE HCL	N	N	N	N 
DOBUTAMINE HCL/D5W	N	N	N	N 
DOCETAXEL	N	N	N	N 
DOFETILIDE	N	N	N	N 
DOLASETRON MESYLATE	N	N	N	N 
DOLUTEGRAVIR SODIUM	N	N	N	N 
DONEPEZIL HCL	N	N	N	N 
DOPAMINE HCL	N	N	N	N 
DORIPENEM	N	Y	N	N 
DORNASE ALFA	N	N	N	N 
DORZOLAMIDE HCL	N	N	N	N 
DORZOLAMIDE HCL/TIMOLOL MALEAT	N	N	N	N 
DORZOLAMIDE/TIMOLOL/PF	N	N	N	N 
DOXAZOSIN MESYLATE	N	N	N	N 
DOXEPIN HCL	N	N	N	N 
DOXEPIN HCL	N	N	Y	N 
DOXERCALCIFEROL	N	N	N	N 
DOXORUBICIN HCL	N	N	N	N 
DOXORUBICIN HCL PEG-LIPOSOMAL	N	N	N	N 
DOXYCYCLINE CALCIUM	N	Y	N	N 
DOXYCYCLINE HYCLATE	N	Y	N	N 
DOXYCYCLINE MONOHYDRATE	N	N	N	N 
DOXYCYCLINE MONOHYDRATE	N	Y	N	N 
DOXYCYCLINE/SKIN CLEANSER #19	N	Y	N	N 
DP(A)T-POLIO/HIB CONJ-TET/PF	N	N	N	N 
DRONABINOL	N	N	N	N 
DRONEDARONE HCL	N	N	N	N 
DROSPIR/ETH ESTRA/LEVOMEFOL CA	N	N	N	N 
DROSPIRENONE/ESTRADIOL	N	N	Y	N 
DROXIDOPA	N	N	N	N 
DULAGLUTIDE	N	N	N	N 
DULOXETINE HCL	N	N	N	N 
DUTASTERIDE	N	N	N	N 
DUTASTERIDE/TAMSULOSIN HCL	N	N	N	N 
DYPHYLLINE	N	N	N	N 
ECALLANTIDE	N	N	N	N 
ECHOTHIOPHATE IODIDE	N	N	N	N 
ECONAZOLE NITRATE	N	N	N	N 
ECULIZUMAB	N	N	N	N 
EDOXABAN TOSYLATE	N	N	N	N 
EFAVIRENZ	N	N	N	N 
EFAVIRENZ/EMTRICITAB/TENOFOVIR	N	N	N	N 
EFINACONAZOLE	N	N	N	N 
ELETRIPTAN HBR	N	N	N	N 
ELIGLUSTAT TARTRATE	N	N	N	N 
ELOSULFASE ALFA	N	N	N	N 
ELTROMBOPAG OLAMINE	N	N	N	N 
ELVITEG/COBI/EMTRIC/TENOFO ALA	N	N	N	N 
ELVITEGR/COBICIST/EMTRIC/TENOF	N	N	N	N 
ELVITEGRAVIR	N	N	N	N 
EMEDASTINE DIFUMARATE	N	N	N	N 
EMPAGLIFLOZIN	N	N	N	N 
EMPAGLIFLOZIN/LINAGLIPTIN	N	N	N	N 
EMPAGLIFLOZIN/METFORMIN HCL	N	N	N	N 
EMTRICITAB/RILPIVIRINE/TENOFOV	N	N	N	N 
EMTRICITABINE	N	N	N	N 
EMTRICITABINE/TENOFOVIR	N	N	N	N 
ENALAPRIL MALEATE	N	N	N	N 
ENALAPRIL/HYDROCHLOROTHIAZIDE	N	N	N	N 
ENALAPRILAT DIHYDRATE	N	N	N	N 
ENFUVIRTIDE	N	N	N	N 
ENOXAPARIN SODIUM	N	N	N	N 
ENTACAPONE	N	N	N	N 
ENTECAVIR	N	N	N	N 
ENZALUTAMIDE	N	N	N	N 
EPINASTINE HCL	N	N	N	N 
EPINEPHRINE	N	N	N	N 
EPINEPHRINE HCL/PF	N	N	N	N 
EPIRUBICIN HCL	N	N	N	N 
EPLERENONE	N	N	N	N 
EPOETIN ALFA	N	N	N	N 
EPOPROSTENOL SODIUM (ARGININE)	N	N	N	N 
EPROSARTAN MESYLATE	N	N	N	N 
EPROSARTAN/HYDROCHLOROTHIAZIDE	N	N	N	N 
ERGOCALCIFEROL (VITAMIN D2)	N	N	N	N 
ERGOLOID MESYLATES	N	N	Y	N 
ERGOTAMINE TARTRATE/CAFFEINE	N	N	N	N 
ERIBULIN MESYLATE	N	N	N	N 
ERLOTINIB HCL	N	N	N	N 
ERTAPENEM SODIUM	N	Y	N	N 
ERYTHROMYCIN BASE	N	N	N	N 
ERYTHROMYCIN BASE	N	Y	N	N 
ERYTHROMYCIN BASE/ETHANOL	N	N	N	N 
ERYTHROMYCIN ETHYLSUCCINATE	N	Y	N	N 
ERYTHROMYCIN LACTOBIONATE	N	Y	N	N 
ERYTHROMYCIN STEARATE	N	Y	N	N 
ERYTHROMYCIN/BENZOYL PEROXIDE	N	N	N	N 
ESCITALOPRAM OXALATE	N	N	N	N 
ESLICARBAZEPINE ACETATE	N	N	N	N 
ESOMEPRAZOLE MAGNESIUM	N	N	N	N 
ESOMEPRAZOLE SODIUM	N	N	N	N 
ESOMEPRAZOLE STRONTIUM	N	N	N	N 
ESTAZOLAM	N	N	N	N 
ESTRADIOL	N	N	N	N 
ESTRADIOL	N	N	Y	N 
ESTRADIOL ACETATE	N	N	N	N 
ESTRADIOL CYPIONATE	N	N	N	N 
ESTRADIOL VALERATE	N	N	N	N 
ESTRADIOL VALERATE/DIENOGEST	N	N	N	N 
ESTRADIOL/LEVONORGESTREL	N	N	Y	N 
ESTRADIOL/NORETHINDRONE ACET	N	N	Y	N 
ESTRADIOL/NORGESTIMATE	N	N	Y	N 
ESTRAMUSTINE PHOSPHATE SODIUM	N	N	N	N 
ESTROGEN,CON/M-PROGEST ACET	N	N	Y	N 
ESTROGENS, CONJUGATED	N	N	Y	N 
ESTROGENS,CONJ.,SYNTHETIC A	N	N	Y	N 
ESTROGENS,CONJ.,SYNTHETIC B	N	N	Y	N 
ESTROGENS,CONJ/BAZEDOXIFENE	N	N	Y	N 
ESTROGENS,ESTERIFIED	N	N	Y	N 
ESTROPIPATE	N	N	Y	N 
ESZOPICLONE	N	N	Y	N 
ETANERCEPT	N	N	N	N 
ETHACRYNIC ACID	N	N	N	N 
ETHAMBUTOL HCL	N	N	N	N 
ETHINYL ESTRADIOL/DROSPIRENONE	N	N	N	N 
ETHIONAMIDE	N	N	N	N 
ETHOSUXIMIDE	N	N	N	N 
ETHOTOIN	N	N	N	N 
ETHYNODIOL D-ETHINYL ESTRADIOL	N	N	N	N 
ETIDRONATE DISODIUM	N	N	N	N 
ETODOLAC	N	N	N	N 
ETONOGESTREL	N	N	N	N 
ETONOGESTREL/ETHINYL ESTRADIOL	N	N	N	N 
ETOPOSIDE	N	N	N	N 
ETRAVIRINE	N	N	N	N 
EVEROLIMUS	N	N	N	N 
EVOLOCUMAB	N	N	N	N 
EXEMESTANE	N	N	N	N 
EXENATIDE	N	N	N	N 
EXENATIDE MICROSPHERES	N	N	N	N 
EZETIMIBE	N	N	N	N 
EZETIMIBE/SIMVASTATIN	N	N	N	N 
EZOGABINE	N	N	N	N 
FAMCICLOVIR	N	N	N	N 
FAMOTIDINE	N	N	N	N 
FAMOTIDINE IN NACL,ISO-OSM/PF	N	N	N	N 
FAMOTIDINE/PF	N	N	N	N 
FAT EMULSIONS	N	N	N	N 
FE FUMARATE/DOSS/FA/BCOMP,C	N	N	N	N 
FE FUMARATE/FA/MV, MIN COMB#15	N	N	N	N 
FEBUXOSTAT	N	N	N	N 
FELBAMATE	N	N	N	N 
FELODIPINE	N	N	N	N 
FENOFIBRATE	N	N	N	N 
FENOFIBRATE NANOCRYSTALLIZED	N	N	N	N 
FENOFIBRATE,MICRONIZED	N	N	N	N 
FENOFIBRIC ACID	N	N	N	N 
FENOFIBRIC ACID (CHOLINE)	N	N	N	N 
FENOPROFEN CALCIUM	N	N	N	N 
FENTANYL	Y	N	N	N 
FENTANYL CITRATE	Y	N	N	N 
FENTANYL CITRATE/PF	N	N	N	N 
FERRIC CITRATE	N	N	N	N 
FESOTERODINE FUMARATE	N	N	N	N 
FEXOFENADINE HCL	N	N	N	N 
FEXOFENADINE/PSEUDOEPHEDRINE	N	N	N	N 
FIDAXOMICIN	N	Y	N	N 
FILGRASTIM	N	N	N	N 
FILGRASTIM-SNDZ	N	N	N	N 
FINASTERIDE	N	N	N	N 
FINGOLIMOD HCL	N	N	N	N 
FLAVOXATE HCL	N	N	N	N 
FLECAINIDE ACETATE	N	N	N	N 
FLUCONAZOLE	N	N	N	N 
FLUCONAZOLE IN DEXTROSE,ISO-OS	N	N	N	N 
FLUCONAZOLE IN NACL,ISO-OSM	N	N	N	N 
FLUCYTOSINE	N	N	N	N 
FLUDARABINE PHOSPHATE	N	N	N	N 
FLUDROCORTISONE ACETATE	N	N	N	N 
FLUMAZENIL	N	N	N	N 
FLUNISOLIDE	N	N	N	N 
FLUOCINOLONE ACETONIDE	N	N	N	N 
FLUOCINOLONE ACETONIDE OIL	N	N	N	N 
FLUOCINOLONE/EMOL CMB#65	N	N	N	N 
FLUOCINOLONE/SHOWER CAP	N	N	N	N 
FLUOCINOLONE/SKIN CLNSR28	N	N	N	N 
FLUOCINONIDE	N	N	N	N 
FLUOCINONIDE/EMOLLIENT BASE	N	N	N	N 
FLUOROMETHOLONE	N	N	N	N 
FLUOROMETHOLONE ACETATE	N	N	N	N 
FLUOROURACIL	N	N	N	N 
FLUOXETINE HCL	N	N	N	N 
FLUOXYMESTERONE	N	N	N	N 
FLUPHENAZINE DECANOATE	N	N	N	Y 
FLUPHENAZINE HCL	N	N	N	Y 
FLURANDRENOLIDE	N	N	N	N 
FLURAZEPAM HCL	N	N	N	N 
FLURBIPROFEN	N	N	N	N 
FLURBIPROFEN SODIUM	N	N	N	N 
FLUTAMIDE	N	N	N	N 
FLUTICASONE FUROATE	N	N	N	N 
FLUTICASONE PROPIONATE	N	N	N	N 
FLUTICASONE/SALMETEROL	N	N	N	N 
FLUTICASONE/VILANTEROL	N	N	N	N 
FLUVASTATIN SODIUM	N	N	N	N 
FLUVOXAMINE MALEATE	N	N	N	N 
FOLIC ACID	N	N	N	N 
FOLIC ACID/VIT BCOMP,C	N	N	N	N 
FONDAPARINUX SODIUM	N	N	N	N 
FORMOTEROL FUMARATE	N	N	N	N 
FOSAMPRENAVIR CALCIUM	N	N	N	N 
FOSAPREPITANT DIMEGLUMINE	N	N	N	N 
FOSCARNET SODIUM	N	N	N	N 
FOSFOMYCIN TROMETHAMINE	N	Y	N	N 
FOSINOPRIL SODIUM	N	N	N	N 
FOSINOPRIL/HYDROCHLOROTHIAZIDE	N	N	N	N 
FOSPHENYTOIN SODIUM	N	N	N	N 
FROVATRIPTAN SUCCINATE	N	N	N	N 
FULVESTRANT	N	N	N	N 
FUROSEMIDE	N	N	N	N 
GABAPENTIN	N	N	N	N 
GABAPENTIN ENACARBIL	N	N	N	N 
GALANTAMINE HBR	N	N	N	N 
GALSULFASE	N	N	N	N 
GANCICLOVIR	N	N	N	N 
GANCICLOVIR SODIUM	N	N	N	N 
GATIFLOXACIN	N	N	N	N 
GAUZE BANDAGE	N	N	N	N 
GEFITINIB	N	N	N	N 
GEMCITABINE HCL	N	N	N	N 
GEMFIBROZIL	N	N	N	N 
GEMIFLOXACIN MESYLATE	N	Y	N	N 
GENTAMICIN IN NACL, ISO-OSM	N	Y	N	N 
GENTAMICIN SULFATE	N	N	N	N 
GENTAMICIN SULFATE	N	Y	N	N 
GENTAMICIN SULFATE/PF	N	Y	N	N 
GENTAMICIN/PREDNISOL AC	N	N	N	N 
GLATIRAMER ACETATE	N	N	N	N 
GLIMEPIRIDE	N	N	N	N 
GLIPIZIDE	N	N	N	N 
GLIPIZIDE/METFORMIN HCL	N	N	N	N 
GLUCAGON,HUMAN RECOMBINANT	N	N	N	N 
GLYBURIDE	N	N	Y	N 
GLYBURIDE,MICRONIZED	N	N	Y	N 
GLYBURIDE/METFORMIN HCL	N	N	Y	N 
GLYCEROL PHENYLBUTYRATE	N	N	N	N 
GLYCOPYRROLATE	N	N	N	N 
GOLIMUMAB	N	N	N	N 
GOSERELIN ACETATE	N	N	N	N 
GRANISETRON	N	N	N	N 
GRANISETRON HCL	N	N	N	N 
GRANISETRON HCL/PF	N	N	N	N 
GRASS POLLEN-TIMOTHY, STANDARD	N	N	N	N 
GRISEOFULVIN ULTRAMICROSIZE	N	N	N	N 
GRISEOFULVIN, MICROSIZE	N	N	N	N 
GUAIFENESIN/CODEINE PHOSPHATE	N	N	N	N 
GUANFACINE HCL	N	N	Y	N 
GUANIDINE HCL	N	N	N	N 
HAEMOPH B POLY CONJ-TET TOX/PF	N	N	N	N 
HAEMPH B POLYSAC CONJ-MENIN/PF	N	N	N	N 
HALCINONIDE	N	N	N	N 
HALOBETASOL PROPIONATE	N	N	N	N 
HALOBETASOL/LACTIC ACID	N	N	N	N 
HALOPERIDOL	N	N	N	Y 
HALOPERIDOL DECANOATE	N	N	N	Y 
HALOPERIDOL LACTATE	N	N	N	Y 
HC/MINERAL OIL/PETROLAT,WHT	N	N	N	N 
HEP B VACCINE/DP(A)T-POLIO/PF	N	N	N	N 
HEP B VACCINE/HIB CONJ-MENG/PF	N	N	N	N 
HEPARIN SOD,PORK IN 0.45% NACL	N	N	N	N 
HEPARIN SODIUM,PORCINE	N	N	N	N 
HEPARIN SODIUM,PORCINE/D5W	N	N	N	N 
HEPARIN SODIUM,PORCINE/PF	N	N	N	N 
HEPATITIS A & B VACCINE/PF	N	N	N	N 
HEPATITIS A VIRUS VACCINE/PF	N	N	N	N 
HEPATITIS B IMMUN GLOB/MALTOSE	N	N	N	N 
HEPATITIS B IMMUNE GLOBULIN	N	N	N	N 
HEPATITIS B VIRUS VACCINE/PF	N	N	N	N 
HEXACHLOROPHENE	N	N	N	N 
HIB CONJ-TET TOX(15MOS-4YR)/PF	N	N	N	N 
HISTRELIN AC	N	N	N	N 
HOMATROPINE HBR	N	N	N	N 
HPV VACCINE 9-VALENT/PF	N	N	N	N 
HUMAN PAPILOMVIRUS VAC,QVAL/PF	N	N	N	N 
HYDRALAZINE HCL	N	N	N	N 
HYDROCHLOROTHIAZIDE	N	N	N	N 
HYDROCODONE BIT/HOMATROP ME-BR	N	N	N	N 
HYDROCODONE BITARTRATE	Y	N	N	N 
HYDROCODONE/ACETAMINOPHEN	Y	N	N	N 
HYDROCODONE/CHLORPHEN P-STIREX	N	N	Y	N 
HYDROCODONE/IBUPROFEN	Y	N	N	N 
HYDROCORTISONE	N	N	N	N 
HYDROCORTISONE ACETATE	N	N	N	N 
HYDROCORTISONE BUTYRATE	N	N	N	N 
HYDROCORTISONE BUTYRATE/EMOLL	N	N	N	N 
HYDROCORTISONE PROBUTATE	N	N	N	N 
HYDROCORTISONE SOD SUCC/PF	N	N	N	N 
HYDROCORTISONE SOD SUCCINATE	N	N	N	N 
HYDROCORTISONE VALERATE	N	N	N	N 
HYDROCORTISONE/LIDOCAINE/ALOE	N	N	N	N 
HYDROCORTISONE/PRAMOXINE	N	N	N	N 
HYDROCORTISONE/SKIN CLNSR #35	N	N	N	N 
HYDROMORPHONE HCL	Y	N	N	N 
HYDROMORPHONE HCL/PF	Y	N	N	N 
HYDROQUINONE	N	N	N	N 
HYDROXYCHLOROQUINE SULFATE	N	N	N	N 
HYDROXYPROGESTERONE CAPROATE	N	N	N	N 
HYDROXYPROPYL CELLULOSE	N	N	N	N 
HYDROXYUREA	N	N	N	N 
HYDROXYZINE HCL	N	N	Y	N 
HYDROXYZINE PAMOATE	N	N	Y	N 
HYOSCYAMINE SULFATE	N	N	N	N 
IBANDRONATE SODIUM	N	N	N	N 
IBRUTINIB	N	N	N	N 
IBUPROFEN	N	N	N	N 
IBUPROFEN/FAMOTIDINE	N	N	N	N 
IBUPROFEN/OXYCODONE HCL	Y	N	N	N 
ICATIBANT ACETATE	N	N	N	N 
ICOSAPENT ETHYL	N	N	N	N 
IDELALISIB	N	N	N	N 
IDURSULFASE	N	N	N	N 
IFOSFAMIDE	N	N	N	N 
IGG/HYALURONIDASE,RECOMBINANT	N	N	N	N 
ILOPERIDONE	N	N	N	Y 
ILOPROST TROMETHAMINE	N	N	N	N 
IMATINIB MESYLATE	N	N	N	N 
IMIGLUCERASE	N	N	N	N 
IMIPENEM/CILASTATIN SODIUM	N	Y	N	N 
IMIPRAMINE HCL	N	N	Y	N 
IMIPRAMINE PAMOATE	N	N	Y	N 
IMIQUIMOD	N	N	N	N 
IMM GLOB G (IGG)/SORB/IGA 0-50	N	N	N	N 
IMMUN GLOB G (IGG)/GLY/IGA 50+	N	N	N	N 
IMMUN GLOB G(IGG)/MALT/IGA 50+	N	N	N	N 
IMMUN GLOB G(IGG)/PRO/IGA 0-50	N	N	N	N 
IMMUN GLOB G(IGG)/SORB/IGA 50+	N	N	N	N 
IMMUN GLOB G(IGG)/SUCR/IGA 50+	N	N	N	N 
IMMUN GLOB G/GLY/GLUC/IGA 0-50	N	N	N	N 
IMMUN GLOB G/SORB/GLY/IGA 0-50	N	N	N	N 
IMMUNE GLOBUL G (IGG)/GLYCINE	N	N	N	N 
INCOBOTULINUMTOXINA	N	N	N	N 
INDACATEROL MALEATE	N	N	N	N 
INDAPAMIDE	N	N	N	N 
INDINAVIR SULFATE	N	N	N	N 
INDOMETHACIN	N	N	Y	N 
INDOMETHACIN, SUBMICRONIZED	N	N	Y	N 
INFLIXIMAB	N	N	N	N 
INGENOL MEBUTATE	N	N	N	N 
INSULIN ADMIN. SUPPLIES	N	N	N	N 
INSULIN ASPART	N	N	N	N 
INSULIN ASPART PROTAM & ASPART	N	N	N	N 
INSULIN DEGLUDEC	N	N	N	N 
INSULIN DETEMIR	N	N	N	N 
INSULIN GLARGINE,HUM.REC.ANLOG	N	N	N	N 
INSULIN GLULISINE	N	N	N	N 
INSULIN LISPRO	N	N	N	N 
INSULIN LISPRO PROTAMIN/LISPRO	N	N	N	N 
INSULIN NPH HUM/REG INSULIN HM	N	N	N	N 
INSULIN NPH HUMAN ISOPHANE	N	N	N	N 
INSULIN PUMP CARTRIDGE	N	N	N	N 
INSULIN REGULAR, HUMAN	N	N	N	N 
INTERFERON ALFA-2B,RECOMB.	N	N	N	N 
INTERFERON BETA-1A	N	N	N	N 
INTERFERON BETA-1A/ALBUMIN	N	N	N	N 
INTERFERON BETA-1B	N	N	N	N 
INTERFERON GAMMA-1B,RECOMB.	N	N	N	N 
IPILIMUMAB	N	N	N	N 
IPRATROPIUM BROMIDE	N	N	N	N 
IPRATROPIUM/ALBUTEROL SULFATE	N	N	N	N 
IRBESARTAN	N	N	N	N 
IRBESARTAN/HYDROCHLOROTHIAZIDE	N	N	N	N 
IRINOTECAN HCL	N	N	N	N 
IRON PS CMPLX/VIT B12/FA	N	N	N	N 
IRON,CARBONYL/FA/MULTIVIT-MIN	N	N	N	N 
IRON,CARBONYL/VIT C/VIT B12/FA	N	N	N	N 
ISAVUCONAZONIUM SULFATE	N	N	N	N 
ISOCARBOXAZID	N	N	N	N 
ISONIAZID	N	N	N	N 
ISOSORB DINIT/HYDRALAZINE HCL	N	N	N	N 
ISOSORBIDE DINITRATE	N	N	N	N 
ISOSORBIDE MONONITRATE	N	N	N	N 
ISOTRETINOIN	N	N	N	N 
ISRADIPINE	N	N	N	N 
ITRACONAZOLE	N	N	N	N 
IVABRADINE HCL	N	N	N	N 
IVACAFTOR	N	N	N	N 
IVERMECTIN	N	N	N	N 
IXABEPILONE	N	N	N	N 
IXAZOMIB CITRATE	N	N	N	N 
JAPANESE ENCEPHALITIS VACC/PF	N	N	N	N 
KETOCONAZOLE	N	N	N	N 
KETOPROFEN	N	N	N	N 
KETOROLAC TROMETHAMINE	N	N	N	N 
KETOROLAC TROMETHAMINE	N	N	Y	N 
KETOROLAC TROMETHAMINE/PF	N	N	N	N 
L-NORGEST/E.ESTRADION-E.ESTRAD	N	N	N	N 
LABETALOL HCL	N	N	N	N 
LACOSAMIDE	N	N	N	N 
LACTULOSE	N	N	N	N 
LAMIVUDINE	N	N	N	N 
LAMIVUDINE/ZIDOVUDINE	N	N	N	N 
LAMOTRIGINE	N	N	N	N 
LANCETS	N	N	N	N 
LANREOTIDE ACETATE	N	N	N	N 
LANSOPRAZOLE	N	N	N	N 
LANSOPRAZOLE/AMOXICILN/CLARITH	N	N	N	N 
LANTHANUM CARBONATE	N	N	N	N 
LAPATINIB DITOSYLATE	N	N	N	N 
LARONIDASE	N	N	N	N 
LATANOPROST	N	N	N	N 
LEDIPASVIR/SOFOSBUVIR	N	N	N	N 
LEFLUNOMIDE	N	N	N	N 
LENALIDOMIDE	N	N	N	N 
LENVATINIB MESYLATE	N	N	N	N 
LETROZOLE	N	N	N	N 
LEUCOVORIN CALCIUM	N	N	N	N 
LEUPROLIDE ACETATE	N	N	N	N 
LEUPROLIDE/NORETHINDRONE ACET	N	N	N	N 
LEVALBUTEROL HCL	N	N	N	N 
LEVALBUTEROL TARTRATE	N	N	N	N 
LEVETIRACETAM	N	N	N	N 
LEVETIRACETAM IN NACL (ISO-OS)	N	N	N	N 
LEVOBUNOLOL HCL	N	N	N	N 
LEVOCARNITINE	N	N	N	N 
LEVOCARNITINE (WITH SUGAR)	N	N	N	N 
LEVOCETIRIZINE DIHYDROCHLORIDE	N	N	N	N 
LEVOFLOXACIN	N	Y	N	N 
LEVOFLOXACIN/D5W	N	Y	N	N 
LEVOLEUCOVORIN CALCIUM	N	N	N	N 
LEVOMEFOLATE CALCIUM	N	N	N	N 
LEVOMEFOLATE/ALGAL OIL	N	N	N	N 
LEVOMILNACIPRAN HYDROCHLORIDE	N	N	N	N 
LEVONORGESTREL	N	N	N	N 
LEVONORGESTREL-ETHIN ESTRADIOL	N	N	N	N 
LEVORPHANOL TARTRATE	Y	N	N	N 
LEVOTHYROXINE SODIUM	N	N	N	N 
LIDOCAINE	N	N	N	N 
LIDOCAINE HCL	N	N	N	N 
LIDOCAINE HCL/EPINEPHRINE	N	N	N	N 
LIDOCAINE HCL/GLYCERIN	N	N	N	N 
LIDOCAINE HCL/MENTHOL	N	N	N	N 
LIDOCAINE HCL/PF	N	N	N	N 
LIDOCAINE/HYDROCORTISONE AC	N	N	N	N 
LIDOCAINE/PRILOCAINE	N	N	N	N 
LIDOCAINE/TETRACAINE	N	N	N	N 
LINACLOTIDE	N	N	N	N 
LINAGLIPTIN	N	N	N	N 
LINAGLIPTIN/METFORMIN HCL	N	N	N	N 
LINCOMYCIN HCL	N	Y	N	N 
LINDANE	N	N	N	N 
LINEZOLID	N	Y	N	N 
LINEZOLID-0.9% SODIUM CHLORIDE	N	Y	N	N 
LIOTHYRONINE SODIUM	N	N	N	N 
LIPASE/PROTEASE/AMYLASE	N	N	N	N 
LIRAGLUTIDE	N	N	N	N 
LISDEXAMFETAMINE DIMESYLATE	N	N	N	N 
LISINOPRIL	N	N	N	N 
LISINOPRIL/HYDROCHLOROTHIAZIDE	N	N	N	N 
LITHIUM CARBONATE	N	N	N	N 
LITHIUM CITRATE	N	N	N	N 
LODOXAMIDE TROMETHAMINE	N	N	N	N 
LOMITAPIDE MESYLATE	N	N	N	N 
LOMUSTINE	N	N	N	N 
LOPERAMIDE HCL	N	N	N	N 
LOPINAVIR/RITONAVIR	N	N	N	N 
LORAZEPAM	N	N	N	N 
LORCASERIN HCL	N	N	N	N 
LOSARTAN POTASSIUM	N	N	N	N 
LOSARTAN/HYDROCHLOROTHIAZIDE	N	N	N	N 
LOTEPREDNOL ETABONATE	N	N	N	N 
LOVASTATIN	N	N	N	N 
LOXAPINE SUCCINATE	N	N	N	Y 
LUBIPROSTONE	N	N	N	N 
LULICONAZOLE	N	N	N	N 
LUMACAFTOR/IVACAFTOR	N	N	N	N 
LURASIDONE HCL	N	N	N	Y 
MACITENTAN	N	N	N	N 
MAFENIDE ACETATE	N	N	N	N 
MAGNESIUM CHLORIDE	N	N	N	N 
MAGNESIUM SULFATE	N	N	N	N 
MAGNESIUM SULFATE IN WATER	N	N	N	N 
MAGNESIUM SULFATE/D5W	N	N	N	N 
MALATHION	N	N	N	N 
MANNITOL	N	N	N	N 
MAPROTILINE HCL	N	N	N	N 
MARAVIROC	N	N	N	N 
MEASLES,MUMPS&RUBELLA VACC/PF	N	N	N	N 
MEASLES,MUMPS,RUB,VARICELLA/PF	N	N	N	N 
MECAMYLAMINE HCL	N	N	N	N 
MECHLORETHAMINE HCL	N	N	N	N 
MECLIZINE HCL	N	N	N	N 
MECLOFENAMATE SODIUM	N	N	N	N 
MECOBAL/LEVOMEFOLAT CA/B6 PHOS	N	N	N	N 
MEDROXYPROGESTERONE ACETATE	N	N	N	N 
MEFENAMIC ACID	N	N	N	N 
MEFLOQUINE HCL	N	N	N	N 
MEGESTROL ACETATE	N	N	Y	N 
MELOXICAM	N	N	N	N 
MELPHALAN	N	N	N	N 
MEMANTINE HCL	N	N	N	N 
MEMANTINE HCL/DONEPEZIL HCL	N	N	N	N 
MENING VAC A,C,Y,W-135 DIP/PF	N	N	N	N 
MENINGOCOC VAC A,C,Y,W-135/PF	N	N	N	N 
MENINGOCOCCAL B VACC,4-COMP/PF	N	N	N	N 
MENINGOCOCCAL VAC A,C,Y,W-135	N	N	N	N 
MEPENZOLATE BROMIDE	N	N	N	N 
MEPERIDINE HCL	Y	N	Y	N 
MEPERIDINE HCL/PF	Y	N	Y	N 
MEPROBAMATE	N	N	Y	N 
MERCAPTOPURINE	N	N	N	N 
MEROPENEM	N	Y	N	N 
MEROPENEM-0.9% SODIUM CHLORIDE	N	Y	N	N 
MESALAMINE	N	N	N	N 
MESALAMINE W/CLEANSING WIPES	N	N	N	N 
MESNA	N	N	N	N 
METAPROTERENOL SULFATE	N	N	N	N 
METAXALONE	N	N	Y	N 
METFORMIN HCL	N	N	N	N 
METHADONE HCL	Y	N	N	N 
METHAMPHETAMINE HCL	N	N	N	N 
METHAZOLAMIDE	N	N	N	N 
METHEN/M-BLUE/SAL/NA PHOS/HYOS	N	N	N	N 
METHEN/SOD PHOS/METH BLUE/HYOS	N	N	N	N 
METHENAM/ME BLUE/BA/SALICY/HYO	N	N	N	N 
METHENAMINE HIPPURATE	N	N	N	N 
METHENAMINE MANDELATE	N	N	N	N 
METHIMAZOLE	N	N	N	N 
METHOCARBAMOL	N	N	Y	N 
METHOTREXATE SODIUM	N	N	N	N 
METHOTREXATE SODIUM/PF	N	N	N	N 
METHOTREXATE/PF	N	N	N	N 
METHOXSALEN	N	N	N	N 
METHOXSALEN, RAPID	N	N	N	N 
METHSCOPOLAMINE BROMIDE	N	N	N	N 
METHSUXIMIDE	N	N	N	N 
METHYCLOTHIAZIDE	N	N	N	N 
METHYLDOPA	N	N	Y	N 
METHYLDOPA/HYDROCHLOROTHIAZIDE	N	N	Y	N 
METHYLERGONOVINE MALEATE	N	N	N	N 
METHYLNALTREXONE BROMIDE	N	N	N	N 
METHYLPHENIDATE	N	N	N	N 
METHYLPHENIDATE HCL	N	N	N	N 
METHYLPREDNISOLONE	N	N	N	N 
METHYLPREDNISOLONE ACETATE	N	N	N	N 
METHYLPREDNISOLONE SOD SUCC	N	N	N	N 
METHYLPREDNISOLONE SOD SUCC/PF	N	N	N	N 
METHYLTESTOSTERONE	N	N	N	N 
METIPRANOLOL	N	N	N	N 
METOCLOPRAMIDE HCL	N	N	N	N 
METOLAZONE	N	N	N	N 
METOPROLOL SUCCINATE	N	N	N	N 
METOPROLOL SUCCINATE/HCTZ	N	N	N	N 
METOPROLOL TARTRATE	N	N	N	N 
METOPROLOL/HYDROCHLOROTHIAZIDE	N	N	N	N 
METRELEPTIN	N	N	N	N 
METRONIDAZOLE	N	N	N	N 
METRONIDAZOLE	N	Y	N	N 
METRONIDAZOLE/SKIN CLEANSR #23	N	N	N	N 
METRONIDAZOLE/SODIUM CHLORIDE	N	Y	N	N 
METYROSINE	N	N	N	N 
MEXILETINE HCL	N	N	N	N 
MICAFUNGIN SODIUM	N	N	N	N 
MICONAZOLE	N	N	N	N 
MICONAZOLE NITRATE	N	N	N	N 
MICONAZOLE NITRATE/ZINC OX/PET	N	N	N	N 
MIDAZOLAM HCL	N	N	N	N 
MIDAZOLAM HCL/PF	N	N	N	N 
MIDODRINE HCL	N	N	N	N 
MIFEPRISTONE	N	N	N	N 
MIGLITOL	N	N	N	N 
MIGLUSTAT	N	N	N	N 
MILNACIPRAN HCL	N	N	N	N 
MILRINONE LACTATE	N	N	N	N 
MILRINONE LACTATE/D5W	N	N	N	N 
MINOCYCLINE HCL	N	Y	N	N 
MINOCYCLINE HCL MICROSPHERES	N	N	N	N 
MINOXIDIL	N	N	N	N 
MIPOMERSEN SODIUM	N	N	N	N 
MIRABEGRON	N	N	N	N 
MIRTAZAPINE	N	N	N	N 
MISOPROSTOL	N	N	N	N 
MITOMYCIN	N	N	N	N 
MITOTANE	N	N	N	N 
MITOXANTRONE HCL	N	N	N	N 
MODAFINIL	N	N	N	N 
MOEXIPRIL HCL	N	N	N	N 
MOEXIPRIL/HYDROCHLOROTHIAZIDE	N	N	N	N 
MOMETASONE FUROATE	N	N	N	N 
MOMETASONE/FORMOTEROL	N	N	N	N 
MONTELUKAST SODIUM	N	N	N	N 
MORPHINE SULFATE	Y	N	N	N 
MORPHINE SULFATE/NALTREXONE	Y	N	N	N 
MORPHINE SULFATE/PF	Y	N	N	N 
MOXIFLOXACIN HCL	N	N	N	N 
MOXIFLOXACIN HCL	N	Y	N	N 
MOXIFLOXACIN IN NACL (ISO-OSM)	N	Y	N	N 
MTH/ME BLUE/SOD PHOS/PHEN/HYOS	N	N	N	N 
MUPIROCIN	N	N	N	N 
MUPIROCIN CALCIUM	N	N	N	N 
MYCOPHENOLATE MOFETIL	N	N	N	N 
MYCOPHENOLATE SODIUM	N	N	N	N 
N.MENINGITIDIS B,LIPID FHBP RC	N	N	N	N 
NA PHOS,M-B/K PHOS,MONOB	N	N	N	N 
NABILONE	N	N	N	N 
NABUMETONE	N	N	N	N 
NADOLOL	N	N	N	N 
NADOLOL/BENDROFLUMETHIAZIDE	N	N	N	N 
NAFARELIN ACETATE	N	N	N	N 
NAFCILLIN IN DEXTROSE,ISO-OSM	N	Y	N	N 
NAFCILLIN SODIUM	N	Y	N	N 
NAFTIFINE HCL	N	N	N	N 
NALBUPHINE HCL	Y	N	N	N 
NALOXEGOL OXALATE	N	N	N	N 
NALOXONE HCL	N	N	N	N 
NALTREXONE HCL	N	N	N	N 
NALTREXONE HCL/BUPROPION HCL	N	N	N	N 
NALTREXONE MICROSPHERES	N	N	N	N 
NAPHAZOLINE HCL	N	N	N	N 
NAPHOS M-B M-H/NA PHOS,DI-BA	N	N	N	N 
NAPROXEN	N	N	N	N 
NAPROXEN SODIUM	N	N	N	N 
NAPROXEN/ESOMEPRAZOLE MAG	N	N	N	N 
NARATRIPTAN HCL	N	N	N	N 
NATALIZUMAB	N	N	N	N 
NATAMYCIN	N	N	N	N 
NATEGLINIDE	N	N	N	N 
NEBIVOLOL HCL	N	N	N	N 
NEDOCROMIL SODIUM	N	N	N	N 
NEEDLES, DISPOSABLE	N	N	N	N 
NEEDLES, INSULIN DISPOSABLE	N	N	N	N 
NEFAZODONE HCL	N	N	N	N 
NELFINAVIR MESYLATE	N	N	N	N 
NEO/POLYMYX B SULF/DEXAMETH	N	N	N	N 
NEOMYCIN SU/BACI ZN/POLY/HC	N	N	N	N 
NEOMYCIN SU/BACITRA/POLYMYXIN	N	N	N	N 
NEOMYCIN SU/COLIST/HC/THONZON	N	N	N	N 
NEOMYCIN SU/POLYMYX B SULF	N	N	N	N 
NEOMYCIN SULFATE	N	Y	N	N 
NEOMYCIN SULFATE/FLUOCINOLONE	N	N	N	N 
NEOMYCIN/BACITRA/POLYMYXIN/HC	N	N	N	N 
NEOMYCIN/FLUOCINOLONE/EMOL #65	N	N	N	N 
NEOMYCIN/POLYMYXIN B SULF/HC	N	N	N	N 
NEOMYCIN/POLYMYXN B/GRAMICIDIN	N	N	N	N 
NEOSTIGMINE METHYLSULFATE	N	N	N	N 
NEPAFENAC	N	N	N	N 
NETUPITANT/PALONOSETRON HCL	N	N	N	N 
NEVIRAPINE	N	N	N	N 
NIACIN	N	N	N	N 
NIACIN/LOVASTATIN	N	N	N	N 
NIACIN/SIMVASTATIN	N	N	N	N 
NICARDIPINE HCL	N	N	N	N 
NICOTINE	N	N	N	N 
NIFEDIPINE	N	N	N	N 
NIFEDIPINE	N	N	Y	N 
NILOTINIB HCL	N	N	N	N 
NILUTAMIDE	N	N	N	N 
NIMODIPINE	N	N	N	N 
NINTEDANIB ESYLATE	N	N	N	N 
NISOLDIPINE	N	N	N	N 
NITAZOXANIDE	N	N	N	N 
NITROFURANTOIN	N	Y	Y	N 
NITROFURANTOIN MACROCRYSTAL	N	Y	Y	N 
NITROFURANTOIN MONOHYD/M-CRYST	N	Y	Y	N 
NITROGLYCERIN	N	N	N	N 
NITROGLYCERIN/D5W	N	N	N	N 
NIVOLUMAB	N	N	N	N 
NIZATIDINE	N	N	N	N 
NORELGESTROMIN/ETHIN.ESTRADIOL	N	N	N	N 
NORETH-ETHINYL ESTRADIOL/IRON	N	N	N	N 
NORETHINDRONE	N	N	N	N 
NORETHINDRONE AC-ETH ESTRADIOL	N	N	N	N 
NORETHINDRONE AC-ETH ESTRADIOL	N	N	Y	N 
NORETHINDRONE ACETATE	N	N	N	N 
NORETHINDRONE-E.ESTRADIOL-IRON	N	N	N	N 
NORETHINDRONE-ETHINYL ESTRAD	N	N	N	N 
NORETHINDRONE-MESTRANOL	N	N	N	N 
NORGESTIMATE-ETHINYL ESTRADIOL	N	N	N	N 
NORGESTREL-ETHINYL ESTRADIOL	N	N	N	N 
NORTRIPTYLINE HCL	N	N	N	N 
NUT.TX, METAB.DIS, MV & MIN #2	N	N	N	N 
NYSTATIN	N	N	N	N 
NYSTATIN/EMOLLIENT COMBO NO.54	N	N	N	N 
NYSTATIN/TRIAMCIN	N	N	N	N 
OBINUTUZUMAB	N	N	N	N 
OCTREOTIDE ACETATE	N	N	N	N 
OCTREOTIDE ACETATE,MI-SPHERES	N	N	N	N 
OFATUMUMAB	N	N	N	N 
OFLOXACIN	N	N	N	N 
OFLOXACIN	N	Y	N	N 
OLANZAPINE	N	N	N	Y 
OLANZAPINE PAMOATE	N	N	N	Y 
OLANZAPINE/FLUOXETINE HCL	N	N	N	Y 
OLAPARIB	N	N	N	N 
OLMESARTAN MEDOXOMIL	N	N	N	N 
OLMESARTAN/AMLODIPIN/HCTHIAZID	N	N	N	N 
OLMESARTAN/HYDROCHLOROTHIAZIDE	N	N	N	N 
OLODATEROL HCL	N	N	N	N 
OLOPATADINE HCL	N	N	N	N 
OLSALAZINE SODIUM	N	N	N	N 
OMACETAXINE MEPESUCCINATE	N	N	N	N 
OMALIZUMAB	N	N	N	N 
OMBITA/PARITAP/RITON/DASABUVIR	N	N	N	N 
OMBITASVIR/PARITAPREV/RITONAV	N	N	N	N 
OMEGA-3 ACID ETHYL ESTERS	N	N	N	N 
OMEPRAZOLE	N	N	N	N 
OMEPRAZOLE MAGNESIUM	N	N	N	N 
OMEPRAZOLE/CLARITH/AMOXICILLIN	N	N	N	N 
OMEPRAZOLE/SODIUM BICARBONATE	N	N	N	N 
ONABOTULINUMTOXINA	N	N	N	N 
ONDANSETRON	N	N	N	N 
ONDANSETRON HCL	N	N	N	N 
ONDANSETRON HCL/PF	N	N	N	N 
OPIUM TINCTURE	Y	N	N	N 
OPIUM/BELLADONNA ALKALOIDS	Y	N	N	N 
OPRELVEKIN	N	N	N	N 
ORLISTAT	N	N	N	N 
ORPHENADRINE CITRATE	N	N	Y	N 
OSELTAMIVIR PHOSPHATE	N	N	N	N 
OSIMERTINIB MESYLATE	N	N	N	N 
OSPEMIFENE	N	N	N	N 
OXACILLIN SODIUM	N	Y	N	N 
OXACILLIN SODIUM/DEXTROSE,ISO	N	Y	N	N 
OXALIPLATIN	N	N	N	N 
OXANDROLONE	N	N	N	N 
OXAPROZIN	N	N	N	N 
OXAZEPAM	N	N	N	N 
OXCARBAZEPINE	N	N	N	N 
OXICONAZOLE NITRATE	N	N	N	N 
OXYBUTYNIN	N	N	N	N 
OXYBUTYNIN CHLORIDE	N	N	N	N 
OXYCODONE HCL	Y	N	N	N 
OXYCODONE HCL/ACETAMINOPHEN	Y	N	N	N 
OXYCODONE HCL/ASPIRIN	Y	N	N	N 
OXYMETHOLONE	N	N	N	N 
OXYMORPHONE HCL	Y	N	N	N 
OXYTOCIN	N	N	N	N 
PACLITAXEL	N	N	N	N 
PACLITAXEL PROTEIN-BOUND	N	N	N	N 
PALBOCICLIB	N	N	N	N 
PALIPERIDONE	N	N	N	Y 
PALIPERIDONE PALMITATE	N	N	N	Y 
PALIVIZUMAB	N	N	N	N 
PALONOSETRON HCL	N	N	N	N 
PAMIDRONATE DISODIUM	N	N	N	N 
PANITUMUMAB	N	N	N	N 
PANOBINOSTAT LACTATE	N	N	N	N 
PANTOPRAZOLE SODIUM	N	N	N	N 
PAPAVERINE HCL	N	N	N	N 
PARATHYROID HORMONE	N	N	N	N 
PAREGORIC	N	N	N	N 
PARENTERAL AMINO ACID 10% NO.1	N	N	N	N 
PARENTERAL AMINO ACID 10% NO.2	N	N	N	N 
PARENTERAL AMINO ACID 10% NO.4	N	N	N	N 
PARENTERAL AMINO ACID 10% NO.6	N	N	N	N 
PARENTERAL AMINO ACID 15% NO.1	N	N	N	N 
PARENTERAL AMINO ACID 15% NO.2	N	N	N	N 
PARENTERAL AMINO ACID 20% NO.1	N	N	N	N 
PARICALCITOL	N	N	N	N 
PAROMOMYCIN SULFATE	N	N	N	N 
PAROXETINE HCL	N	N	N	N 
PAROXETINE MESYLATE	N	N	N	N 
PASIREOTIDE DIASPARTATE	N	N	N	N 
PASIREOTIDE PAMOATE	N	N	N	N 
PAZOPANIB HCL	N	N	N	N 
PEDI M.VIT NO.17 WITH FLUORIDE	N	N	N	N 
PEDI MULTIVIT #47/IRON/FLUORID	N	N	N	N 
PEDI MV #75/FLUORIDE/IRON	N	N	N	N 
PEDI MVI NO.12/SODIUM FLUORIDE	N	N	N	N 
PEDI MVI NO.16 WITH FLUORIDE	N	N	N	N 
PEDI MVI NO.82 WITH FLUORIDE	N	N	N	N 
PEG 3350-BOWEL 2,TWO PART PREP	N	N	N	N 
PEG 3350/NA SULF,BICARB,CL/KCL	N	N	N	N 
PEG3350/SOD SUL/NACL/ASB/C/KCL	N	N	N	N 
PEGADEMASE BOVINE	N	N	N	N 
PEGFILGRASTIM	N	N	N	N 
PEGINTERFERON ALFA-2A	N	N	N	N 
PEGINTERFERON ALFA-2B	N	N	N	N 
PEGINTERFERON BETA-1A	N	N	N	N 
PEGVISOMANT	N	N	N	N 
PEMBROLIZUMAB	N	N	N	N 
PEMETREXED DISODIUM	N	N	N	N 
PEN G BENZ/PEN G PROCAINE	N	Y	N	N 
PEN G POT/DEXTROSE-WATER	N	Y	N	N 
PEN NEEDLE, DIABETIC	N	N	N	N 
PEN NEEDLE, DIABETIC, SAFETY	N	N	N	N 
PEN NEEDLE,DUAL SAFETY,DIABETC	N	N	N	N 
PENCICLOVIR	N	N	N	N 
PENICILLAMINE	N	N	N	N 
PENICILLIN G BENZATHINE	N	Y	N	N 
PENICILLIN G POTASSIUM	N	Y	N	N 
PENICILLIN G PROCAINE	N	Y	N	N 
PENICILLIN G SODIUM	N	Y	N	N 
PENICILLIN V POTASSIUM	N	Y	N	N 
PENTAMIDINE ISETHIONATE	N	N	N	N 
PENTAZOCINE HCL/NALOXONE HCL	Y	N	Y	N 
PENTOSAN POLYSULFATE SODIUM	N	N	N	N 
PENTOXIFYLLINE	N	N	N	N 
PERAMPANEL	N	N	N	N 
PERINDOPRIL ERBUMINE	N	N	N	N 
PERIT. DIALYSIS#6 & DEX 1.5 %	N	N	N	N 
PERMETHRIN	N	N	N	N 
PERPHENAZINE	N	N	N	Y 
PERPHENAZINE/AMITRIPTYLINE HCL	N	N	Y	Y 
PERTUZUMAB	N	N	N	N 
PETROLATUM,WHITE	N	N	N	N 
PHENAZOPYRIDINE HCL	N	N	N	N 
PHENDIMETRAZINE TARTRATE	N	N	N	N 
PHENELZINE SULFATE	N	N	N	N 
PHENOBARBITAL	N	N	Y	N 
PHENOBARBITAL SODIUM	N	N	Y	N 
PHENOXYBENZAMINE HCL	N	N	N	N 
PHENTERMINE HCL	N	N	N	N 
PHENTERMINE/TOPIRAMATE	N	N	N	N 
PHENTOLAMINE MESYLATE	N	N	N	N 
PHENYLEPHRINE HCL	N	N	N	N 
PHENYLEPHRINE HCL/PROMETH HCL	N	N	Y	N 
PHENYTOIN	N	N	N	N 
PHENYTOIN SODIUM	N	N	N	N 
PHENYTOIN SODIUM EXTENDED	N	N	N	N 
PHOSPHORUS #1	N	N	N	N 
PHYTONADIONE	N	N	N	N 
PILOCARPINE HCL	N	N	N	N 
PIMECROLIMUS	N	N	N	N 
PIMOZIDE	N	N	N	Y 
PINDOLOL	N	N	N	N 
PIOGLITAZONE HCL	N	N	N	N 
PIOGLITAZONE HCL/GLIMEPIRIDE	N	N	N	N 
PIOGLITAZONE HCL/METFORMIN HCL	N	N	N	N 
PIPERACILLIN SODIUM/TAZOBACTAM	N	Y	N	N 
PIPERACILLIN-TAZO-DEXTROSE,ISO	N	Y	N	N 
PIRFENIDONE	N	N	N	N 
PIROXICAM	N	N	N	N 
PITAVASTATIN CALCIUM	N	N	N	N 
PLERIXAFOR	N	N	N	N 
PN W-CA64/IRON CB&GL/FA/DSS/DH	N	N	N	N 
PN85/IRON CB&ASP G/FA/DHA/FISH	N	N	N	N 
PNEUMOC 13-VAL CONJ-DIP CRM/PF	N	N	N	N 
PNV #14/FERROUS FUM/FOLIC ACID	N	N	N	N 
PNV #15/IRON FUM,PS/FOLIC ACID	N	N	N	N 
PNV #19/IRON PS&HEME/FOLIC/DHA	N	N	N	N 
PNV #30/IRON CARB&ASPG/FA/OM3	N	N	N	N 
PNV #35/IRON/FA #6/DHA	N	N	N	N 
PNV #38/IRON FUM/FOLATE/DHA	N	N	N	N 
PNV #78/IRON ASP GLY/FA#1/DHA	N	N	N	N 
PNV #86/IRON POLY/FA/DHA/EPA	N	N	N	N 
PNV #87/IRON BISGLY/FA/DHA	N	N	N	N 
PNV 11-IRON FUM-FOLIC ACID-OM3	N	N	N	N 
PNV 18/FE,CARB/FA/DSS/UBI/DHA	N	N	N	N 
PNV COMBO #22/IRON/FA/OM3/DHA	N	N	N	N 
PNV COMBO#47/IRON/FA #1/DHA	N	N	N	N 
PNV NO.115/IRON FUMARATE/FA	N	N	N	N 
PNV NO.118/IRON FUMARATE/FA	N	N	N	N 
PNV NO.22/IRON CBN&GLUC/FA/DSS	N	N	N	N 
PNV NO.66/IRON,CARBONYL/FA/DHA	N	N	N	N 
PNV NO.81/IRON CBN&GLUC/FA/DSS	N	N	N	N 
PNV NO10/IRON FUM&P/FA/OMEGA-3	N	N	N	N 
PNV W-CA #40/IRON FUM/FA CMB#1	N	N	N	N 
PNV W-CA NO.37/IRON/FA/OMEGA-3	N	N	N	N 
PNV WITH CA #68/IRON/FA#1/DHA	N	N	N	N 
PNV WITH CA#74/IRON/FOLIC ACID	N	N	N	N 
PNV WITH CA,NO.70/IRON/FA/DHA	N	N	N	N 
PNV WITH CA,NO.72/IRON,CARB/FA	N	N	N	N 
PNV WITH CA,NO.72/IRON/FA	N	N	N	N 
PNV#16/IRON FUM & PS/FA/OM-3	N	N	N	N 
PNV#20/IRON/FA/DS/FISH/DHA/EPA	N	N	N	N 
PNV#21/IRON PS& HEME POLYP/FA	N	N	N	N 
PNV#26/IRON POLY/FA/DHA	N	N	N	N 
PNV#67/IRON PS/FA CMB#1/DHA	N	N	N	N 
PNV106/IRON/FA/OM3/DHA/EPA	N	N	N	N 
PNV115/IRON FUMARATE/FA/DSS	N	N	N	N 
PNV117/IRON/FA/OM3/DHA/EPA	N	N	N	N 
PNV119/IRON FUMARATE/FA/DSS	N	N	N	N 
PNV2/IRON B-G SUC-P/FA/OMEGA-3	N	N	N	N 
PNV22/IRON CBN&GLUC/FA/DSS/DHA	N	N	N	N 
PNV38/IRON CBN&GLUC/FA/DSS/DHA	N	N	N	N 
PNV39/IRON FUMARATE/FA/DSS/DHA	N	N	N	N 
PNV53/IRON B-G HCL-P/FA/OMEGA3	N	N	N	N 
PNV53/IRON FUM/FA/DOCUSATE/DHA	N	N	N	N 
PNV55/IRON BG HC,SUCC-P/FA/OM3	N	N	N	N 
PNV55/IRON FUM & BISGLY/FA	N	N	N	N 
PNV59/IRON,CARB&FUM/FA/DSS/DHA	N	N	N	N 
PNV66/IRON FUMARATE/FA/DSS/DHA	N	N	N	N 
PNV69/IRON,CARBONYL/FA/DSS/DHA	N	N	N	N 
PNV72/IRON,CARB&GLU/FA/DSS/DHA	N	N	N	N 
PNV73/IRON,CARB&GLU/FA/DSS/DHA	N	N	N	N 
PNV76/IRON,CARB&GLU/FA/DSS/DHA	N	N	N	N 
PNV80/IRON FUMARATE/FA/DSS/DHA	N	N	N	N 
PODOFILOX	N	N	N	N 
PODOPHYLLUM RESIN	N	N	N	N 
POLIOMYELITIS VACCINE, KILLED	N	N	N	N 
POLYETHYLENE GLYCOL 3350	N	N	N	N 
POLYMYXIN B SULF/TRIMETHOPRIM	N	N	N	N 
POLYMYXIN B SULFATE	N	N	N	N 
POMALIDOMIDE	N	N	N	N 
PONATINIB HCL	N	N	N	N 
POSACONAZOLE	N	N	N	N 
POT CHLORIDE/POT BICARB/CIT AC	N	N	N	N 
POTASSIUM ACETATE	N	N	N	N 
POTASSIUM BICARBONATE/CIT AC	N	N	N	N 
POTASSIUM CHLORIDE	N	N	N	N 
POTASSIUM CHLORIDE IN 0.9%NACL	N	N	N	N 
POTASSIUM CHLORIDE IN D5W	N	N	N	N 
POTASSIUM CHLORIDE-0.45% NACL	N	N	N	N 
POTASSIUM CHLORIDE/D5-0.2%NACL	N	N	N	N 
POTASSIUM CHLORIDE/D5-0.45NACL	N	N	N	N 
POTASSIUM CHLORIDE/D5-0.9%NACL	N	N	N	N 
POTASSIUM CITRATE	N	N	N	N 
POTASSIUM CITRATE/CITRIC ACID	N	N	N	N 
POTASSIUM PHOS,M-BASIC-D-BASIC	N	N	N	N 
POTASSIUM PHOSPHATE,MONOBASIC	N	N	N	N 
POVIDONE-IODINE	N	N	N	N 
PRALATREXATE	N	N	N	N 
PRAMIPEXOLE DI-HCL	N	N	N	N 
PRAMLINTIDE ACETATE	N	N	N	N 
PRASUGREL HCL	N	N	N	N 
PRAVASTATIN SODIUM	N	N	N	N 
PRAZIQUANTEL	N	N	N	N 
PRAZOSIN HCL	N	N	N	N 
PREDNICARBATE	N	N	N	N 
PREDNISOLONE	N	N	N	N 
PREDNISOLONE ACETATE	N	N	N	N 
PREDNISOLONE SOD PHOSPHATE	N	N	N	N 
PREDNISONE	N	N	N	N 
PREGABALIN	N	N	N	N 
PRENAT VIT COMB.10/IRON/FA/DHA	N	N	N	N 
PRENATAL #103/IRON FUMARATE/FA	N	N	N	N 
PRENATAL #48/IRON CB,GLU/FA/B6	N	N	N	N 
PRENATAL #57/IRON/FA/DSS/DHA	N	N	N	N 
PRENATAL #79/IRON ASP GLY/FA#1	N	N	N	N 
PRENATAL #92/IRON/FA #8/PS-DHA	N	N	N	N 
PRENATAL NO.13/IRON PS/FA CB#1	N	N	N	N 
PRENATAL NO.25/IRON/FA #6/DHA	N	N	N	N 
PRENATAL NO.39/IRON/FA #6/DHA	N	N	N	N 
PRENATAL NO.52/IRON/FA/DHA	N	N	N	N 
PRENATAL NO.75/IRON/FOLATE #1	N	N	N	N 
PRENATAL VIT #68/IRON/FA#6/DHA	N	N	N	N 
PRENATAL VIT #69/IRON/FA#6/DHA	N	N	N	N 
PRENATAL VIT #76/IRON,CARB/FA	N	N	N	N 
PRENATAL VIT 15/IRON CB/FA/DSS	N	N	N	N 
PRENATAL VIT 16/IRON CB/FA/DSS	N	N	N	N 
PRENATAL VIT COMB.10/IRON/FA	N	N	N	N 
PRENATAL VIT NO.112/FOLIC ACID	N	N	N	N 
PRENATAL VIT NO.114/FA/GINGER	N	N	N	N 
PRENATAL VIT NO.127/IRON/FA	N	N	N	N 
PRENATAL VIT NO.44/IRON/FA/DHA	N	N	N	N 
PRENATAL VIT NO.73/IRON/FA	N	N	N	N 
PRENATAL VIT NO.78/IRON/FA	N	N	N	N 
PRENATAL VIT NO.87/IRON/FA/DHA	N	N	N	N 
PRENATAL VIT#36/IRON/FA CMB#6	N	N	N	N 
PRENATAL VIT#65/IRON FUM&PS/FA	N	N	N	N 
PRENATAL VIT#84/IRON/FA#1/DHA	N	N	N	N 
PRENATAL VIT#86/IRON BISGLY/FA	N	N	N	N 
PRENATAL VIT/IRON FUMARATE/FA	N	N	N	N 
PRENATAL VIT27,CALCIUM/IRON/FA	N	N	N	N 
PRENATAL VIT37/IRON/FOLIC ACID	N	N	N	N 
PRENATAL VITS #33/IRON/FA/DHA	N	N	N	N 
PRENATAL56/IRON/FOLIC ACID/DHA	N	N	N	N 
PRIMAQUINE PHOSPHATE	N	N	N	N 
PRIMIDONE	N	N	N	N 
PROBENECID	N	N	N	N 
PROCARBAZINE HCL	N	N	N	N 
PROCHLORPERAZINE	N	N	N	N 
PROCHLORPERAZINE EDISYLATE	N	N	N	N 
PROCHLORPERAZINE MALEATE	N	N	N	N 
PROGESTERONE	N	N	N	N 
PROGESTERONE,MICRONIZED	N	N	N	N 
PROMETHAZINE HCL	N	N	Y	N 
PROMETHAZINE HCL/CODEINE	N	N	Y	N 
PROMETHAZINE/DEXTROMETHORPHAN	N	N	Y	N 
PROMETHAZINE/PHENYLEPH/CODEINE	N	N	Y	N 
PROPAFENONE HCL	N	N	N	N 
PROPANTHELINE BROMIDE	N	N	N	N 
PROPARACAINE HCL	N	N	N	N 
PROPRANOLOL HCL	N	N	N	N 
PROPRANOLOL/HYDROCHLOROTHIAZID	N	N	N	N 
PROPYLTHIOURACIL	N	N	N	N 
PROTRIPTYLINE HCL	N	N	N	N 
PSEUDOEPHEDRINE HCL/ACRIVAS	N	N	N	N 
PV W-O CAL/IRON PS CPLX/FA	N	N	N	N 
PYRAZINAMIDE	N	N	N	N 
PYRIDOSTIGMINE BROMIDE	N	N	N	N 
PYRIMETHAMINE	N	N	N	N 
QUETIAPINE FUMARATE	N	N	N	Y 
QUINAPRIL HCL	N	N	N	N 
QUINAPRIL/HYDROCHLOROTHIAZIDE	N	N	N	N 
QUINIDINE GLUCONATE	N	N	N	N 
QUINIDINE SULFATE	N	N	N	N 
QUININE SULFATE	N	N	N	N 
QUINUPRISTIN/DALFOPRISTIN	N	Y	N	N 
RABEPRAZOLE SODIUM	N	N	N	N 
RABIES VACC, HUMAN DIPLOID/PF	N	N	N	N 
RABIES VACCINE (PCEC)/PF	N	N	N	N 
RALOXIFENE HCL	N	N	N	N 
RALTEGRAVIR POTASSIUM	N	N	N	N 
RAMELTEON	N	N	N	N 
RAMIPRIL	N	N	N	N 
RAMUCIRUMAB	N	N	N	N 
RANIBIZUMAB	N	N	N	N 
RANITIDINE HCL	N	N	N	N 
RANOLAZINE	N	N	N	N 
RASAGILINE MESYLATE	N	N	N	N 
REGORAFENIB	N	N	N	N 
REPAGLINIDE	N	N	N	N 
REPAGLINIDE/METFORMIN HCL	N	N	N	N 
RESERPINE	N	N	Y	N 
RETAPAMULIN	N	N	N	N 
RHO(D) IMMUNE GLOBULIN	N	N	N	N 
RIBAVIRIN	N	N	N	N 
RIFABUTIN	N	N	N	N 
RIFAMPIN	N	N	N	N 
RIFAMPIN/ISONIAZID	N	N	N	N 
RIFAPENTINE	N	N	N	N 
RIFAXIMIN	N	Y	N	N 
RILONACEPT	N	N	N	N 
RILPIVIRINE HCL	N	N	N	N 
RILUZOLE	N	N	N	N 
RIMABOTULINUMTOXINB	N	N	N	N 
RIMANTADINE HCL	N	N	N	N 
RIMEXOLONE	N	N	N	N 
RINGERS SOLUTION	N	N	N	N 
RINGERS SOLUTION,LACTATED	N	N	N	N 
RIOCIGUAT	N	N	N	N 
RISEDRONATE SODIUM	N	N	N	N 
RISPERIDONE	N	N	N	Y 
RISPERIDONE MICROSPHERES	N	N	N	Y 
RITONAVIR	N	N	N	N 
RITUXIMAB	N	N	N	N 
RIVAROXABAN	N	N	N	N 
RIVASTIGMINE	N	N	N	N 
RIVASTIGMINE TARTRATE	N	N	N	N 
RIZATRIPTAN BENZOATE	N	N	N	N 
ROFLUMILAST	N	N	N	N 
ROLAPITANT HYDROCHLORIDE	N	N	N	N 
ROMIDEPSIN	N	N	N	N 
ROMIPLOSTIM	N	N	N	N 
ROPINIROLE HCL	N	N	N	N 
ROPIVACAINE HCL/PF	N	N	N	N 
ROSIGLITAZONE MALEATE	N	N	N	N 
ROSIGLITAZONE/GLIMEPIRIDE	N	N	N	N 
ROSIGLITAZONE/METFORMIN HCL	N	N	N	N 
ROSUVASTATIN CALCIUM	N	N	N	N 
ROTIGOTINE	N	N	N	N 
RUFINAMIDE	N	N	N	N 
RUXOLITINIB PHOSPHATE	N	N	N	N 
SACROSIDASE	N	N	N	N 
SACUBITRIL/VALSARTAN	N	N	N	N 
SALICYLIC ACID	N	N	N	N 
SALICYLIC ACID/CERAMIDE CMB #1	N	N	N	N 
SALMETEROL XINAFOATE	N	N	N	N 
SALSALATE	N	N	N	N 
SAPROPTERIN DIHYDROCHLORIDE	N	N	N	N 
SAQUINAVIR MESYLATE	N	N	N	N 
SARGRAMOSTIM	N	N	N	N 
SAXAGLIPTIN HCL	N	N	N	N 
SAXAGLIPTIN HCL/METFORMIN HCL	N	N	N	N 
SCOPOLAMINE	N	N	N	N 
SECOBARBITAL SODIUM	N	N	Y	N 
SECUKINUMAB	N	N	N	N 
SELEGILINE	N	N	N	N 
SELEGILINE HCL	N	N	N	N 
SELENIUM SULFIDE	N	N	N	N 
SERTACONAZOLE NITRATE	N	N	N	N 
SERTRALINE HCL	N	N	N	N 
SEVELAMER CARBONATE	N	N	N	N 
SEVELAMER HCL	N	N	N	N 
SILDENAFIL CITRATE	N	N	N	N 
SILODOSIN	N	N	N	N 
SILTUXIMAB	N	N	N	N 
SILVER NITRATE	N	N	N	N 
SILVER NITRATE APPLICATOR	N	N	N	N 
SILVER SULFADIAZINE	N	N	N	N 
SIMEPREVIR SODIUM	N	N	N	N 
SIMVASTATIN	N	N	N	N 
SINECATECHINS	N	N	N	N 
SIROLIMUS	N	N	N	N 
SITAGLIPTIN PHOS/METFORMIN HCL	N	N	N	N 
SITAGLIPTIN PHOSPHATE	N	N	N	N 
SOD PICOSULF/MAG OX/CITRIC AC	N	N	N	N 
SOD/POT/K CIT/SOD CIT/CIT ACID	N	N	N	N 
SODIUM ACETATE	N	N	N	N 
SODIUM BICARBONATE	N	N	N	N 
SODIUM CHLORIDE	N	N	N	N 
SODIUM CHLORIDE 0.45 %	N	N	N	N 
SODIUM CHLORIDE 3 %	N	N	N	N 
SODIUM CHLORIDE 5 %	N	N	N	N 
SODIUM CHLORIDE FOR INHALATION	N	N	N	N 
SODIUM CHLORIDE IRRIG SOLUTION	N	N	N	N 
SODIUM CHLORIDE/NAHCO3/KCL/PEG	N	N	N	N 
SODIUM FLUORIDE	N	N	N	N 
SODIUM FLUORIDE/POTASSIUM NIT	N	N	N	N 
SODIUM OXYBATE	N	N	N	N 
SODIUM PHENYLBUTYRATE	N	N	N	N 
SODIUM PHOS,M-BASIC-D-BASIC	N	N	N	N 
SODIUM POLYSTYRENE SULFONATE	N	N	N	N 
SODIUM THIOSULFATE	N	N	N	N 
SODIUM,POTASSIUM,&MAG SULFATES	N	N	N	N 
SODIUM/K+/MAG/CA/CHLOR/ACETATE	N	N	N	N 
SOFOSBUVIR	N	N	N	N 
SOLIFENACIN SUCCINATE	N	N	N	N 
SOMATROPIN	N	N	N	N 
SONIDEGIB PHOSPHATE	N	N	N	N 
SORAFENIB TOSYLATE	N	N	N	N 
SOTALOL HCL	N	N	N	N 
SPINOSAD	N	N	N	N 
SPIRONOLACT/HYDROCHLOROTHIAZID	N	N	N	N 
SPIRONOLACTONE	N	N	N	N 
STANNOUS FLUORIDE	N	N	N	N 
STAVUDINE	N	N	N	N 
STREPTOMYCIN SULFATE	N	Y	N	N 
SUB-Q INSULIN DEVICE, 20 UNIT	N	N	N	N 
SUB-Q INSULIN DEVICE, 30 UNIT	N	N	N	N 
SUB-Q INSULIN DEVICE, 40 UNIT	N	N	N	N 
SUCCIMER	N	N	N	N 
SUCRALFATE	N	N	N	N 
SUCROFERRIC OXYHYDROXIDE	N	N	N	N 
SULCONAZOLE NITRATE	N	N	N	N 
SULFACETAMIDE SOD/SULFUR/UREA	N	N	N	N 
SULFACETAMIDE SODIUM	N	N	N	N 
SULFACETAMIDE SODIUM/SULFUR	N	N	N	N 
SULFACETAMIDE/PREDNISOLONE SP	N	N	N	N 
SULFACETM NA/PREDNISOL AC	N	N	N	N 
SULFADIAZINE	N	Y	N	N 
SULFAMETHOXAZOLE/TRIMETHOPRIM	N	Y	N	N 
SULFANILAMIDE	N	N	N	N 
SULFASALAZINE	N	N	N	N 
SULINDAC	N	N	N	N 
SUMATRIPTAN	N	N	N	N 
SUMATRIPTAN SUCC/NAPROXEN SOD	N	N	N	N 
SUMATRIPTAN SUCCINATE	N	N	N	N 
SUNITINIB MALATE	N	N	N	N 
SUVOREXANT	N	N	N	N 
SYR W-NDL,INS 0.3 ML HALF MARK	N	N	N	N 
SYR,NDL,INSULIN,1ML-SHARPS BIN	N	N	N	N 
SYR-ND,INS,0.3/CONTAINER,EMPTY	N	N	N	N 
SYR-ND,INS,0.5/CONTAINER,EMPTY	N	N	N	N 
SYRING W-NDL,DISP,INSUL,0.3 ML	N	N	N	N 
SYRING W-NDL,DISP,INSUL,0.5 ML	N	N	N	N 
SYRINGE AND NEEDLE,INSULIN,1ML	N	N	N	N 
SYRINGE W-NDL, DISP,INSUL,2 ML	N	N	N	N 
SYRINGE W-NDL, DISP., INSULIN	N	N	N	N 
SYRINGE W-O NEEDL,INSULIN,1 ML	N	N	N	N 
SYRINGE,NEEDLE,INSULN,SAFE,1ML	N	N	N	N 
SYRINGE,NEEDLE,INSULN,SF 0.5ML	N	N	N	N 
SYRINGE,SAFETY WITH NEEDLE,1ML	N	N	N	N 
TACROLIMUS	N	N	N	N 
TADALAFIL	N	N	N	N 
TAFLUPROST/PF	N	N	N	N 
TALIGLUCERASE ALFA	N	N	N	N 
TAMOXIFEN CITRATE	N	N	N	N 
TAMSULOSIN HCL	N	N	N	N 
TAPENTADOL HCL	Y	N	N	N 
TASIMELTEON	N	N	N	N 
TAVABOROLE	N	N	N	N 
TAZAROTENE	N	N	N	N 
TBO-FILGRASTIM	N	N	N	N 
TEDIZOLID PHOSPHATE	N	Y	N	N 
TEDUGLUTIDE	N	N	N	N 
TELAVANCIN HCL	N	Y	N	N 
TELBIVUDINE	N	N	N	N 
TELITHROMYCIN	N	Y	N	N 
TELMISARTAN	N	N	N	N 
TELMISARTAN/AMLODIPINE	N	N	N	N 
TELMISARTAN/HYDROCHLOROTHIAZID	N	N	N	N 
TEMAZEPAM	N	N	N	N 
TEMSIROLIMUS	N	N	N	N 
TENOFOVIR DISOPROXIL FUMARATE	N	N	N	N 
TERAZOSIN HCL	N	N	N	N 
TERBINAFINE HCL	N	N	N	N 
TERBUTALINE SULFATE	N	N	N	N 
TERCONAZOLE	N	N	N	N 
TERIFLUNOMIDE	N	N	N	N 
TERIPARATIDE	N	N	N	N 
TESAMORELIN ACETATE	N	N	N	N 
TESTOSTERONE	N	N	N	N 
TESTOSTERONE CYPIONATE	N	N	N	N 
TESTOSTERONE ENANTHATE	N	N	N	N 
TESTOSTERONE UNDECANOATE	N	N	N	N 
TETANUS & DIPHTHERIA TOX,ADULT	N	N	N	N 
TETANUS AND DIPHTHERIA TOX/PF	N	N	N	N 
TETANUS TOXOID, ADSORBED/PF	N	N	N	N 
TETANUS,DIPHTHERIA TOXD PED/PF	N	N	N	N 
TETRABENAZINE	N	N	N	N 
TETRACAINE HCL	N	N	N	N 
TETRACAINE HCL/PF	N	N	N	N 
TETRACYCLINE HCL	N	Y	N	N 
TETRAHYDROZOLINE HCL	N	N	N	N 
THALIDOMIDE	N	N	N	N 
THEOPHYLLINE ANHYDROUS	N	N	N	N 
THIOGUANINE	N	N	N	N 
THIORIDAZINE HCL	N	N	Y	Y 
THIOTHIXENE	N	N	N	Y 
THYROID,PORK	N	N	Y	N 
TIAGABINE HCL	N	N	N	N 
TICAGRELOR	N	N	N	N 
TICARCILLIN/K CLAVULANATE	N	Y	N	N 
TICLOPIDINE HCL	N	N	Y	N 
TIGECYCLINE	N	Y	N	N 
TIMOLOL	N	N	N	N 
TIMOLOL MALEATE	N	N	N	N 
TIMOLOL MALEATE/PF	N	N	N	N 
TINIDAZOLE	N	N	N	N 
TIOPRONIN	N	N	N	N 
TIOTROPIUM BR/OLODATEROL HCL	N	N	N	N 
TIOTROPIUM BROMIDE	N	N	N	N 
TIPRANAVIR	N	N	N	N 
TIZANIDINE HCL	N	N	N	N 
TOBRAMYCIN	N	N	N	N 
TOBRAMYCIN IN 0.225% NACL	N	N	N	N 
TOBRAMYCIN SULFATE	N	Y	N	N 
TOBRAMYCIN/DEXAMETHASONE	N	N	N	N 
TOBRAMYCIN/LOTEPRED ETAB	N	N	N	N 
TOCILIZUMAB	N	N	N	N 
TOFACITINIB CITRATE	N	N	N	N 
TOLAZAMIDE	N	N	N	N 
TOLBUTAMIDE	N	N	N	N 
TOLCAPONE	N	N	N	N 
TOLMETIN SODIUM	N	N	N	N 
TOLTERODINE TARTRATE	N	N	N	N 
TOLVAPTAN	N	N	N	N 
TOPIRAMATE	N	N	N	N 
TOPOTECAN HCL	N	N	N	N 
TOREMIFENE CITRATE	N	N	N	N 
TORSEMIDE	N	N	N	N 
TRAMADOL HCL	Y	N	N	N 
TRAMADOL HCL/ACETAMINOPHEN	Y	N	N	N 
TRAMETINIB DIMETHYL SULFOXIDE	N	N	N	N 
TRANDOLAPRIL	N	N	N	N 
TRANDOLAPRIL/VERAPAMIL HCL	N	N	N	N 
TRANEXAMIC ACID	N	N	N	N 
TRANYLCYPROMINE SULFATE	N	N	N	N 
TRASTUZUMAB	N	N	N	N 
TRAVOPROST	N	N	N	N 
TRAVOPROST (BENZALKONIUM)	N	N	N	N 
TRAZODONE HCL	N	N	N	N 
TREPROSTINIL DIOLAMINE	N	N	N	N 
TREPROSTINIL SODIUM	N	N	N	N 
TREPROSTINIL/NEB ACCESSORIES	N	N	N	N 
TRETINOIN	N	N	N	N 
TRETINOIN MICROSPHERES	N	N	N	N 
TRIAMCINOLONE ACETONIDE	N	N	N	N 
TRIAMCINOLONE ACETONIDE/PF	N	N	N	N 
TRIAMCINOLONE/DIMETH/SILICONE	N	N	N	N 
TRIAMCINOLONE/EMOLLIENT CMB#86	N	N	N	N 
TRIAMTERENE	N	N	N	N 
TRIAMTERENE/HYDROCHLOROTHIAZID	N	N	N	N 
TRIAZOLAM	N	N	N	N 
TRIENTINE HCL	N	N	N	N 
TRIFLUOPERAZINE HCL	N	N	N	Y 
TRIFLURIDINE	N	N	N	N 
TRIFLURIDINE/TIPIRACIL HCL	N	N	N	N 
TRIHEXYPHENIDYL HCL	N	N	Y	N 
TRIMETHOBENZAMIDE HCL	N	N	Y	N 
TRIMETHOPRIM	N	Y	N	N 
TRIMIPRAMINE MALEATE	N	N	Y	N 
TRIPTORELIN PAMOATE	N	N	N	N 
TROPICAMIDE	N	N	N	N 
TROSPIUM CHLORIDE	N	N	N	N 
TYPHOID VACC VI CAPSULR POLYS	N	N	N	N 
ULIPRISTAL ACETATE	N	N	N	N 
UMECLIDINIUM BRM/VILANTEROL TR	N	N	N	N 
UMECLIDINIUM BROMIDE	N	N	N	N 
UNOPROSTONE ISOPROPYL	N	N	N	N 
UREA	N	N	N	N 
URSODIOL	N	N	N	N 
USTEKINUMAB	N	N	N	N 
VALACYCLOVIR HCL	N	N	N	N 
VALGANCICLOVIR HCL	N	N	N	N 
VALPROIC ACID	N	N	N	N 
VALPROIC ACID (AS SODIUM SALT)	N	N	N	N 
VALRUBICIN	N	N	N	N 
VALSARTAN	N	N	N	N 
VALSARTAN/HYDROCHLOROTHIAZIDE	N	N	N	N 
VANCOMYCIN HCL	N	Y	N	N 
VANCOMYCIN HCL/D5W	N	Y	N	N 
VANCOMYCIN IN DEXTROSE,ISO-OSM	N	Y	N	N 
VANDETANIB	N	N	N	N 
VARDENAFIL HCL	N	N	N	N 
VARENICLINE TARTRATE	N	N	N	N 
VARICELLA VACCINE LIVE/PF	N	N	N	N 
VEDOLIZUMAB	N	N	N	N 
VELAGLUCERASE ALFA	N	N	N	N 
VEMURAFENIB	N	N	N	N 
VENLAFAXINE HCL	N	N	N	N 
VERAPAMIL HCL	N	N	N	N 
VIGABATRIN	N	N	N	N 
VILAZODONE HYDROCHLORIDE	N	N	N	N 
VINBLASTINE SULFATE	N	N	N	N 
VINCRISTINE SULFATE	N	N	N	N 
VINORELBINE TARTRATE	N	N	N	N 
VISMODEGIB	N	N	N	N 
VIT B CMPLX 3/FA/VIT C/BIOTIN	N	N	N	N 
VIT B CMPLX NO3/FA/C/BIOT/ZINC	N	N	N	N 
VORAPAXAR SULFATE	N	N	N	N 
VORICONAZOLE	N	N	N	N 
VORINOSTAT	N	N	N	N 
VORTIOXETINE HYDROBROMIDE	N	N	N	N 
WARFARIN SODIUM	N	N	N	N 
WATER FOR IRRIGATION,STERILE	N	N	N	N 
WEED POLLEN-SHORT RAGWEED	N	N	N	N 
YELLOW FEVER VACCINE LIVE/PF	N	N	N	N 
ZAFIRLUKAST	N	N	N	N 
ZALEPLON	N	N	Y	N 
ZANAMIVIR	N	N	N	N 
ZICONOTIDE ACETATE	N	N	N	N 
ZIDOVUDINE	N	N	N	N 
ZILEUTON	N	N	N	N 
ZINC ACETATE	N	N	N	N 
ZIPRASIDONE HCL	N	N	N	Y 
ZIPRASIDONE MESYLATE	N	N	N	Y 
ZIV-AFLIBERCEPT	N	N	N	N 
ZOLEDRONIC ACID	N	N	N	N 
ZOLEDRONIC ACID/MANNITOL&WATER	N	N	N	N 
ZOLMITRIPTAN	N	N	N	N 
ZOLPIDEM TARTRATE	N	N	Y	N 
ZONISAMIDE	N	N	N	N 
ZOSTER VACCINE LIVE/PF	N	N	N	N 
